source,target,src_word_len,tgt_word_len,src_char_len,tgt_char_len,char_ratio,word_ratio
Олохпор биирдэ үчүгэйи оҥоробун... Туһата суох.,один раз в жизни я делаю хорошее дело... и оно бесполезно.,6,13,47,58,1.2340425531914894,2.1666666666666665
"Чэ, тугу эрэ гыныахха!",давайте что-нибудь попробуем!,4,4,22,29,1.3181818181818181,1.0
Утуйарым уолдьаста.,мне пора идти спать.,2,5,19,20,1.0526315789473684,2.5
Тугу гынаҕыный?,что ты делаешь?,2,4,15,15,1.0,2.0
Бу тугуй?,что это?,2,3,9,8,0.8888888888888888,1.5
"Бүгүн бэс ыйын 18 күнэ, Мүүрүйэл төрөөбүт күнэ","сегодня 18 июня, и это день рождения мюриэл!",8,10,46,44,0.9565217391304348,1.25
"Төрөөбүт күҥҥүнэн, Мүүрүйэл!","с днём рождения, мюриэл!",3,6,28,24,0.8571428571428571,2.0
Мүүрүйэл 20 саастаах.,мюриэл сейчас 20.,3,4,21,17,0.8095238095238095,1.3333333333333333
"Киирии тыл ""Мүүрүйэл"".",пароль «muiriel».,3,5,22,17,0.7727272727272727,1.6666666666666667
Тугу да этэрим суох.,у меня no слов.,4,5,20,15,0.75,1.25
Этэрим суох.,у меня no слов.,2,5,12,15,1.25,2.5
Туох диирбин билбэппин.,"не знаю, что и сказать.",3,7,23,23,1.0,2.3333333333333335
Ол сидьиҥ куобах этэ.,это был злой кролик.,4,5,21,20,0.9523809523809523,1.25
Бу саҥа хаартыска дуо?,это новая фотография?,4,4,22,21,0.9545454545454546,1.0
Иллэҥ буоларбын билбэтим.,"я не знаю, будет ли у меня время.",3,10,25,33,1.32,3.3333333333333335
Онуоха дылы микрофон тоҕо эрэ үлэлээбэт этэ.,микрофон по какой-то причине до этого не работал.,7,9,44,49,1.1136363636363635,1.2857142857142858
Аныаха дылы микрофон тоҕо эрэ үлэлээбэт этэ.,микрофон по какой-то причине до этого не работал.,7,9,44,49,1.1136363636363635,1.2857142857142858
"Ким баҕарар, тиһэҕэр, бэйэтэ үөрэниэхтээх.","каждый, в итоге, должен учиться сам.",5,9,42,36,0.8571428571428571,1.8
Бу санаабын эппит тиһэх киһим миигин иирээки диэбитэ.,"последний человек, которому я рассказал свою идею, решил, что я сумасшедший.",8,15,53,76,1.4339622641509433,1.875
Миигин тоҕо акаары курдук көрөллөрүн дьэ быһаарбыккар махтанабын.,"thank you за то, что наконец объяснили, почему люди принимают меня за идиота.",8,16,65,77,1.1846153846153846,2.0
Быһаарыыҥ иһин махтал.,thank you за объяснение.,3,5,22,24,1.0909090909090908,1.6666666666666667
Туох буолла?,что случилось?,2,3,12,14,1.1666666666666667,1.5
Хаар түһэр.,идёт снег.,2,3,11,10,0.9090909090909091,1.5
Биһиэхэ тохсунньуга хаар түһэр.,у нас в январе идёт снег.,4,7,31,25,0.8064516129032258,1.75
Ыт куосканы эккирэппитэ.,собака гналась за кошкой.,3,5,24,25,1.0416666666666667,1.6666666666666667
"Кэллэҕинэ этээриҥ эрэ, миигин кэтэстин.","если он придёт, скажите, чтобы подождал меня.",5,10,39,45,1.1538461538461537,2.0
Аатыҥ кимий?,как тебя зовут?,2,4,12,15,1.25,2.0
Махтал!,thank you,1,2,7,9,1.2857142857142858,2.0
Кэлиэ диэн эрэллээх.,"он уверен, что придёт.",3,6,20,22,1.1,2.0
Кэлиэм диэн эрэллээх.,"он уверен, что придёт.",3,6,21,22,1.0476190476190477,2.0
Манна сайынын ардах элбэхтэ түһэр.,летом здесь часто идёт дождь.,5,6,34,29,0.8529411764705882,1.2
Суолу туоруохха эрэ.,давай перейдём через дорогу.,3,5,20,28,1.4,1.6666666666666667
Мин маны утарабын.,я против этой идеи.,3,5,18,19,1.0555555555555556,1.6666666666666667
Мин барыларынааҕар түргэнник сүүрэбин.,я бегаю быстрее всех.,4,5,38,21,0.5526315789473685,1.25
"Эн этэргин өйдүүбүн да буоллар, сөбүлэһэр кыаҕым суох.","хотя я понимаю то, что вы говорите, я не могу с вами согласиться.",8,16,54,65,1.2037037037037037,2.0
Дьиэҕэр бараргар сэрэнээр.,будь осторожен по дороге домой.,3,6,26,31,1.1923076923076923,2.0
Ыстаансыйаҕа атаспын көрүстүм.,я встретил друга на станции.,3,6,30,28,0.9333333333333333,2.0
Бу оптуобустартан биирэ да Синдзюкуга тиийбэт.,ни один из этих автобусов не идёт в синдзюку.,6,10,46,45,0.9782608695652174,1.6666666666666667
Кини хайаан да кэлиэ.,он обязательно придёт.,4,4,21,22,1.0476190476190477,1.0
Суол өрүһү кыйа барар.,дорога идёт параллельно реке.,4,5,22,29,1.3181818181818181,1.25
Дохсун ардах түһэр.,идёт сильный дождь.,3,4,19,19,1.0,1.3333333333333333
"Суох, махтал.",no thank you,2,3,13,12,0.9230769230769231,1.5
"""Уруучукалааххын дуо?"" - ""Аһаа, баар"".","«у тебя есть ручка?» — «да, есть».",5,14,38,34,0.8947368421052632,2.8
Улахан махтал!,большое thank you,2,3,14,17,1.2142857142857142,1.5
Эрдэттэн махтал.,заранее thank you,2,3,16,17,1.0625,1.5
Тыала суохха мас хамсаабат.,no дыма без огня.,4,5,27,17,0.6296296296296297,1.25
"Сөп, өйдүүбүн. Улахан махтал.",yes я понимаю. большое thank you,4,7,29,32,1.103448275862069,1.75
"Ээ, ынаҕы маннык ыыллар эбит дии?","а, так вот как доят корову?",6,8,33,27,0.8181818181818182,1.3333333333333333
Көмөҥ иһин улахан махтал.,большое thank you за вашу помощь.,4,7,25,33,1.32,1.75
Инньэни уорбут ынаҕы да уоруо.,укравший булавку украдёт и корову.,5,6,30,34,1.1333333333333333,1.2
Суор суорун хараҕын оҥмот.,ворон ворону глаз не выклюет.,4,6,26,29,1.1153846153846154,1.5
Эҕэрдэ!,hello,1,1,7,5,0.7142857142857143,1.0
Бу оҕо оонньуута буолбатах.,это не шутка.,4,4,27,13,0.48148148148148145,1.0
"Мин куоскалааххпын уонна ыттаахпын. Куоска хара, ыт маҥан.","у меня есть кот и собака. кот чёрный, а собака белая.",8,14,58,53,0.9137931034482759,1.75
Кинини көрбөтөҕүм өр буолла.,я не видел его уже давно.,4,7,28,25,0.8928571428571429,1.75
Мин маҥан уонна хара ыттардаахпын.,у меня есть белая собака и чёрная собака.,5,9,34,41,1.2058823529411764,1.8
Ынах биһиэхэ үүтү биэрэр.,коровы дают нам молоко.,4,5,25,23,0.92,1.25
Илин атаххыт ибирэ суох буоллун!,счастливого пути!,5,3,32,17,0.53125,0.6
Ынах - туһалаах харамай.,корова - полезное животное.,4,5,24,27,1.125,1.25
Ынахтан үүт кэлэр.,коровы дают молоко.,3,4,18,19,1.0555555555555556,1.3333333333333333
"Мин убайдаахпын, ону тэҥэ эдьиийдээхпин.","у меня есть старший брат, а также есть старшая сестра.",5,12,40,54,1.35,2.4
Мин убайдаахпын уонна эдьиийдээхпин.,"у меня есть старший брат, а также есть старшая сестра.",4,12,36,54,1.5,3.0
Көҕөрбүтүн көрүмэ — үүнээйитэ билиэҕэ.,цыплят по осени считают.,5,5,38,24,0.631578947368421,1.0
Арыы ынах үүтүттэн оҥоһуллар.,масло делается из коровьего молока.,4,6,29,35,1.206896551724138,1.5
Сымыыты оҕуска атастаһыаҥ этэ дуо?,а вы станете яйцо на быка менять?,5,8,34,33,0.9705882352941176,1.6
Хап-хара да ынах үүтэ үрүҥ буолар.,даже у самой чёрной коровы молоко белое.,6,8,34,40,1.1764705882352942,1.3333333333333333
"Борооску барбыта, оҕус кэллэ.","ушёл телёнок, вернулся бык.",4,6,29,27,0.9310344827586207,1.5
"Тарбыйаҕынан барбыта, оҕуһунан кэллэ.","ушёл телёнок, вернулся бык.",4,6,37,27,0.7297297297297297,1.5
Аттаах сатыыны кытта аргыстаспат.,пеший конному не товарищ.,4,5,33,25,0.7575757575757576,1.25
Истигэн сымыыт айаас оҕустааҕар ордук.,"лучше послушное яйцо, чем непослушный бык.",5,8,38,42,1.105263157894737,1.6
Албыннаабакка сатаан атыылыаҥ суоҕа.,не обманешь — не продашь.,4,6,36,25,0.6944444444444444,1.5
"Идэлээҕи кытта олоруоҥ — идэлээх буолуоҥ, түөкүнү кытта олоруоҥ — түөкүн буолуоҥ.","с кем поведёшься, от того и наберёшься.",12,9,81,39,0.48148148148148145,0.75
Киэр дьүгэлий!,вон отсюда!,2,3,14,11,0.7857142857142857,1.5
Оҕуһу ханна илдьэллэрий?,куда ведут быка?,3,4,24,16,0.6666666666666666,1.3333333333333333
Уу харахпынан көрбүтүм.,я видел это собственными глазами.,3,6,23,33,1.434782608695652,2.0
Соҕотох кууруссаны көрөбүн. Кини атахтаах уонна кынаттаах.,я вижу одну курицу. у неё есть ноги и есть крылья.,7,13,58,50,0.8620689655172413,1.8571428571428572
"Киһи биир төбөлөөх, икки атахтаах.",у человека одна голова и две ноги.,5,8,34,34,1.0,1.6
Харахтаах көрөр; кулгаахтах истэр.,"имеющий глаза yes увидит, имеющий уши yes услышит.",4,10,34,50,1.4705882352941178,2.5
Сырдык баар сиригэр күлүк баар.,"где есть свет, там есть и тень.",5,9,31,31,1.0,1.8
Мин бүгүн дьиэҕэ өрөөтүм.,сегодня я дома отдыхаю.,4,5,25,23,0.92,1.25
Отонноотоххо оҥоойук туолар.,с миру по нитке - голому рубаха.,3,8,28,32,1.1428571428571428,2.6666666666666665
Бытааннык аһаатахха кыраны аһыахха сөп дииллэр.,"говорят, что есть медленнее — это способ есть меньше.",6,11,47,53,1.127659574468085,1.8333333333333333
Махтал!,thank you,1,2,7,9,1.2857142857142858,2.0
Бу быдан ордук.,это гораздо лучше.,3,4,15,18,1.2,1.3333333333333333
Бурдж-Халифа билигин аан дойдуга саамай үрдүк небоскреб.,бурдж-халифа является в настоящее время самым высоким небоскребом в мире.,7,11,56,73,1.3035714285714286,1.5714285714285714
Аах-маах тыллаһар.,он говорит бестолково.,2,4,18,22,1.2222222222222223,2.0
Ким да ынчыгын истэр кыаҕым суох.,не могу слышать чьих-либо стонов.,6,6,33,33,1.0,1.0
Уотунан оонньоомо.,не играй с огнём.,2,5,18,17,0.9444444444444444,2.5
Маны туох диэн ааттыыллар?,как это называется?,4,4,26,19,0.7307692307692307,1.0
Өөҥөтөр бүгүн кэлээрэй.,"возможно, он сегодня придёт.",3,6,23,28,1.2173913043478262,2.0
Үтүө биэттэн абааһы кулун төрөөбүтүгэр дылы.,в семье не без урода.,6,6,44,21,0.4772727272727273,1.0
Доҕордуу буолуох.,будем друзьями.,2,3,17,15,0.8823529411764706,1.5
Сирэйэ кубарыйбыт.,его лицо побледнело.,2,4,18,20,1.1111111111111112,2.0
"""Суоҕу"" суоруоҥ дуо?",на no и суда no,3,5,20,15,0.75,1.6666666666666667
Сүрэҕим тыытта.,у меня защемило сердце.,2,5,15,23,1.5333333333333334,2.5
"Таҕыл диэн баар, имэҥ диэн баар, таптал диэн баар.","есть страсть, есть влюбленность, есть любовь.",9,9,50,45,0.9,1.0
Бааһырбыт киһи ынчыгын истибиппит.,мы слышали стоны раненого человека.,4,6,34,35,1.0294117647058822,1.5
Сорохтор ыттарын күҥҥэ биирдэ эрэ аһаталлар.,многие владельцы собак кормят своих собак лишь раз в день.,6,11,44,58,1.3181818181818181,1.8333333333333333
Уу паарга кубулуйар.,вода превращается в пар.,3,5,20,24,1.2,1.6666666666666667
"Үрдэр антах, өҕүрүйдэр бэттэх.",он слабовольный человек.,4,4,30,24,0.8,1.0
Кини кэлиэ дуо? Кэлиэ дии санаабаппын.,"он придёт? не думаю, что придёт.",6,9,38,32,0.8421052631578947,1.5
Уотунан оонньоомо!,не играй с огнём!,2,5,18,17,0.9444444444444444,2.5
Туох барыта буолар.,всякое бывает.,3,3,19,14,0.7368421052631579,1.0
Амсайарга аналлаах кинигэ баар буолар; оттон сорох кинигэ ыйыстарга аналлаах. Арай аҕыйах кинигэ ыстаан баран иҥэринэргэ аналлаах.,"есть книги, которые нужно пробовать на вкус; есть иные, которые нужно глотать. и есть немногие, которые нужно пережёвывать и усваивать.",17,26,130,135,1.0384615384615385,1.5294117647058822
Тыытыма!,не трогай!,1,3,8,10,1.25,3.0
"Сылгы ыттааҕар улахан, оттон куоска ыттааҕар кыра.","лошадь больше собаки, а кошка меньше собаки.",7,9,50,44,0.88,1.2857142857142858
Кураанах тыльшан кумахтан өтүүнү өрөр.,у него язык хорошо подвешен.,5,6,38,28,0.7368421052631579,1.2
Томын хараҕын аалларар.,он ненавидит тома.,3,4,23,18,0.782608695652174,1.3333333333333333
"Киэһээҥи аһылыкка дылы кэлиэ, кэллэҕинэ.","он придёт до обеда, если вообще придёт.",5,9,40,39,0.975,1.8
Барыгытыгар махтал. Улахан махтал.,thank you всем. thank you большое.,4,8,34,34,1.0,2.0
"Эн 2:30 кэлиэҥ, оттон Мария арыый хойут кэлиэ.","ты придёшь в 2:30, а мария придёт чуть позднее.",8,11,46,47,1.0217391304347827,1.375
Аах-чуох санаамаҥ.,не поминайте лихом!,2,4,18,19,1.0555555555555556,2.0
Аан дойдутааҕы дьахтар күнүнэн эҕэрдэлиибин!,с международным женским днём!,5,5,44,29,0.6590909090909091,1.0
Ыттар бары - кыыллар. Ол эрэн ити этии кыыл бары ыт диэн буолбатах.,"все собаки - животные. однако это не значит, что все животные - собаки.",13,16,67,71,1.0597014925373134,1.2307692307692308
Оннооҕор Том итинник гыныа суох этэ.,даже тому бы хватило мозгов этого не делать.,6,9,36,44,1.2222222222222223,1.5
Том уонна Мэри доҕотторо кинилэр уруу малааһыннарыгар онтон-мантан кэлбиттэр.,"друзья тома и мэри съехались отовсюду, чтобы поприсутствовать на их свадьбе.",9,13,77,76,0.987012987012987,1.4444444444444444
Боксерга иккис рауҥҥа сымыйанан нокаут барарын иһин харчы төлөөбүттэр.,"боксёру заплатили, чтобы он симулировал нокаут во втором раунде.",9,11,70,64,0.9142857142857143,1.2222222222222223
Том хаһыаты суулаан баран хонноҕун анныгар угунна.,том сложил газету и положил себе под мышку.,7,9,50,43,0.86,1.2857142857142858
Аанньа утуйбатым.,я плохо спал.,2,4,17,13,0.7647058823529411,2.0
"Балык уу дириҥин былдьаһар, киһи күн үтүөтүн көрдөһөр.","рыба ищет, где глубже, а человек — где лучше.",8,12,54,45,0.8333333333333334,1.5
Том элбэх харчыны өлөрбүт.,том заработал много денег.,4,5,26,26,1.0,1.25
Самыыр күннүктээн түстэ.,дождь шёл весь день.,3,5,24,20,0.8333333333333334,1.6666666666666667
Мин куоракка баарбын.,я в городе.,3,4,21,11,0.5238095238095238,1.3333333333333333
Дьэ тугу этиэҥ баарай!,какая досада!,4,3,22,13,0.5909090909090909,0.75
Күн сирэ күндү.,никому не хочется умирать.,3,5,15,26,1.7333333333333334,1.6666666666666667
Оннук буолбат.,так не бывает.,2,4,14,14,1.0,2.0
Оннук буолбат.,такого не бывает.,2,4,14,17,1.2142857142857142,2.0
Дьэ бэрт доҕор!,ну и ну!,3,4,15,8,0.5333333333333333,1.3333333333333333
Бу күөл өҕүөмэр балыктаах.,это озеро богато рыбой.,4,5,26,23,0.8846153846153846,1.25
Наар аанньа.,час от часу не легче.,2,6,12,21,1.75,3.0
Үс омук тылын билэр.,он знает три иностранных языка.,4,6,20,31,1.55,1.5
Оннук ордук буолуо.,так будет лучше всего.,3,5,19,22,1.1578947368421053,1.6666666666666667
"Уутааҕар чуумпу, оттооҕор намыһах.","тише воды, ниже травы.",4,6,34,22,0.6470588235294118,1.5
Аттаах сатыыны кытта аргыстаспат.,пеший конному не попутчик.,4,5,33,26,0.7878787878787878,1.25
Этиһии алҕаһы элбэтэр.,ссора умножает ошибки.,3,4,22,22,1.0,1.3333333333333333
Ыттан тириитин сүлүөҥ дуо?,разве с собаки шкуру сдерёшь?,4,6,26,29,1.1153846153846154,1.5
Ыттан тириитин сүлүөҥ дуо?,а он в состоянии оплатить?,4,6,26,26,1.0,1.5
Ыт тыһын курдук кылгаата.,у него пороху не хватило.,4,6,25,25,1.0,1.5
Ыт тыһын курдук кылгаата.,"он укоротился, как собачья лапа.",4,7,25,32,1.28,1.75
Кырыыстаах кыраабытын курдук.,как-будто проклял заклинатель.,3,4,29,30,1.0344827586206897,1.3333333333333333
Кырыыстаах кыраабытын курдук.,"не везёт, так не везёт.",3,7,29,23,0.7931034482758621,2.3333333333333335
Кырыыстаах кыраабытын курдук.,к этой работе рука не лежит.,3,7,29,28,0.9655172413793104,2.3333333333333335
Көҕөрбүтүн көрүмэ — үүнээйитэ билиэҕэ.,"не смотри, что зелено — по урожаю увидим.",5,10,38,41,1.0789473684210527,2.0
Оҕоҕо испиискэни тыыттарымаҥ.,не позволяйте детям трогать спички.,3,6,29,35,1.206896551724138,2.0
"Эһэ тыҥыраҕынан, эр сүрэҕинэн.","медведь силён когтями, добрый молодец — сердцем.",4,9,30,48,1.6,2.25
Сүрэхпиттэн быстыам дуо?,разве я отрежу кусок от своего сердца?,3,8,24,38,1.5833333333333333,2.6666666666666665
Том сүрэҕин ырбаахыта чараас.,том уж слишком сердобольный.,4,5,29,28,0.9655172413793104,1.25
"Сүрэх баҕарар да, сүһүөх уйбат.","сердце так и рвётся, yes сил не хватает.",5,10,31,40,1.2903225806451613,2.0
Сүрэҕэ көҕөрбүт.,он совершенно обленился.,2,4,16,24,1.5,2.0
Сүрэҕэ көппөйбүт.,он совершенно обленился.,2,4,17,24,1.411764705882353,2.0
Тыаҕа бултаан биир тииҥ көрөн баран куоттаран кэбистим.,"охотясь в лесу, преследовал белку, но упустил её.",8,11,55,49,0.8909090909090909,1.375
Сылдьыым үчүгэй.,самочувствие у меня хорошее.,2,5,16,28,1.75,2.5
Эриэн үөн таастан сылдьырыйан түстэ.,змея легко и бесшумно соскользнула с камня.,5,8,36,43,1.1944444444444444,1.6
"Ынах маҥыраабат, киһи сылдьыбат ыала.","в доме не слышны ни людская речь, ни коровье мычание.",5,12,37,53,1.4324324324324325,2.4
Ынаҕы ыҥыырдаабыкка дылы.,как корове седло.,3,4,25,17,0.68,1.3333333333333333
Тарбаабыт ынах курдук.,"смирный как корова, которую чешут.",3,7,22,34,1.5454545454545454,2.3333333333333335
Тыала суохха мас хамсаабат.,без ветра деревья не колышутся.,4,6,27,31,1.1481481481481481,1.5
Үлүбүөй киһини истэр сатаммат.,нельзя слушать первого попавшегося.,4,5,30,35,1.1666666666666667,1.25
Том түүнү быһа үлүгүнэйэн таҕыста.,том всю ночь бредил.,5,5,34,20,0.5882352941176471,1.0
Туох баара тыал тыаһын курдук иһит.,всё это пропусти мимо ушей.,6,6,35,27,0.7714285714285715,1.0
Туох баара тыал тыаһын курдук иһит.,всё это слушай как шум ветра.,6,7,35,29,0.8285714285714286,1.1666666666666667
Холлоҕос көтүтэр тыал үрэр.,"дует ветер, уносящий берестяные сосуды из-под зимних запасов.",4,10,27,61,2.259259259259259,2.5
Холлоҕос көтүтэр тыал үрэр.,зимние припасы кончились.,4,4,27,25,0.9259259259259259,1.0
Бүгүн куобах тыалырҕаан күүппэт.,сегодня заяц чуток и близко не подпускает охотника.,4,9,32,51,1.59375,2.25
Оҕус тириитин иккитэ сүлбэттэр.,с одного быка дважды шкуру не сдирают.,4,8,31,38,1.2258064516129032,2.0
Оҕус тириитин иккитэ сүлбэттэр.,два раза за одно и то же не спрашивают.,4,10,31,39,1.2580645161290323,2.5
Еллөхпүнэ сиэбит да суорум тиэрдэр үһүө.,"не доставит меня туда и ворон, съевший мой труп.",6,11,40,48,1.2,1.8333333333333333
Еллөхпүнэ сиэбит да суорум тиэрдэр үһүө.,у чёрта на куличках.,6,5,40,20,0.5,0.8333333333333334
Өлөн көрөн өлөрү билбит суох.,никто ещё не умирал временно.,5,6,29,29,1.0,1.2
Өллөхпүнэ үөрүм ытаан ааһыаҕа.,после смерти дух мой обо мне плачем напомнит.,4,9,30,45,1.5,2.25
Елүү суолун нэтээгинэн бүөлээбиккэ дылы.,"всё равно, что затыкать вход в преисподнюю шкуркой летяги.",5,11,40,58,1.45,2.2
Елүү суолун нэтээгинэн бүөлээбиккэ дылы.,пустяками тут не отделаешься.,5,5,40,29,0.725,1.0
Эппитин кубулуппат үгэстээх.,он имеет привычку не изменять сказанному.,3,7,28,41,1.4642857142857142,2.3333333333333335
Сүөсүһүт күнүн бэлиэтиир үгэстэннибит.,у нас стало традицией отмечать день животновода.,4,8,38,48,1.263157894736842,2.0
"Үгэс курдук, бүгүн эмиэ эрдэ турдулар.","как обычно, они и сегодня встали рано.",6,9,38,38,1.0,1.5
Том зарядканан дьарыктанар үгэстэммит.,том регулярно занимается зарядкой.,4,5,38,34,0.8947368421052632,1.25
Үтүө киһи үгэлээх.,добрый человек любит шутить.,3,5,18,28,1.5555555555555556,1.6666666666666667
Үгэх иччитэ эмиэ үгэлээх.,дух чуланчика тоже насмехается.,4,5,25,31,1.24,1.25
Үгэх иччитэ эмиэ үгэлээх.,"любой найдёт, над чем посмеяться.",4,7,25,33,1.32,1.75
Төрдүс үйэтигэр тиийэ олордо.,он дожил до четвёртого поколения.,4,6,29,33,1.1379310344827587,1.5
Төрдүс үйэтигэр тиийэ олордо.,он дожил до правнуков.,4,5,29,22,0.7586206896551724,1.25
Үйэ-саас тухары доҕордуулар.,они друзья на всю жизнь.,3,6,28,24,0.8571428571428571,2.0
Үйэлээх сааспар манныгы көрбөтөҕүм.,за всю свою жизнь я такого не видал.,4,9,35,36,1.0285714285714285,2.25
Киэһэ үксүн дьиэбэр олоробун.,вечерами я большей частью сижу дома.,4,7,29,36,1.2413793103448276,1.75
Атахпын үктээтиҥ.,ты мне наступил на ногу.,2,6,17,24,1.411764705882353,3.0
Күөх оту тосту үктээбэт киһи.,он не наступит даже на зелёную травинку.,5,8,29,40,1.3793103448275863,1.6
"Таҥаһы үллэҥнэтимэ, быылы көтүтүмэ.","не тряси одежду, не подымай пыли.",4,8,35,33,0.9428571428571428,2.0
Муора долгуна үллэҥниир.,вздымаются морские волны.,3,4,24,25,1.0416666666666667,1.3333333333333333
Киэһэ булпутун үллэстии буолла.,вечером мы поделили нашу добычу.,4,6,31,32,1.032258064516129,1.5
Том киһи билбэт үлүгэр уларыйбыт.,том изменился до неузнаваемости.,5,5,33,32,0.9696969696969697,1.0
Атын үлүгэрдик айдааран турда.,"вопреки ожиданиям, он шумно запротестовал.",4,7,30,42,1.4,1.75
Бачча кыра дьиэҕэ бу үлүгэрдээх киһини ханна олордоҕут?,как поместишь столько народу в такой маленький дом?,8,9,55,51,0.9272727272727272,1.125
Үлэ күөстүү үллэр.,работа кипит.,3,3,18,13,0.7222222222222222,1.0
Бэйэм да өйдөөбөппүн.,и сам не помню.,3,5,21,15,0.7142857142857143,1.6666666666666667
Эргэ да тэтэрээттэри аҕал.,и старые тетради принеси.,4,5,26,25,0.9615384615384616,1.25
"Буоллаҕына, уон күҥҥүн сүтэриэҥ.","самое меньшее, потеряешь десять дней.",4,7,32,37,1.15625,1.75
Бу күөл собото кыратыйбыт.,караси в этом озере измельчали.,4,6,26,31,1.1923076923076923,1.5
Бэйэ-бэйэлэрин кыайсыбаттар.,они не могут одолеть друг друга.,2,7,28,32,1.1428571428571428,3.5
Онно кыама суох элбэх кус мустубут.,там скопилось великое множество уток.,6,6,35,37,1.0571428571428572,1.0
Кыамтата тиийбэт.,у него не хватает возможностей.,2,6,17,31,1.8235294117647058,3.0
Киэҥ көхсө кыараабыт.,он просто в отчаянии.,3,5,21,21,1.0,1.6666666666666667
Тииһим кыйыттар.,я уже набил оскомину.,2,5,16,21,1.3125,2.5
Һаттаан-һайдаан көһөн иһэллэр.,"они кочуют, шумно перегоняя лошадей и рогатый скот.",3,10,30,51,1.7,3.3333333333333335
Уоххун уҕарыт.,уйми свой гнев.,2,4,14,15,1.0714285714285714,2.0
Уоҕа уҕарыйда.,его гнев утих.,2,4,14,14,1.0,2.0
Уу кэлэрэ уҕарыйда.,вода перестала прибывать.,3,4,19,25,1.3157894736842106,1.3333333333333333
Атым түргэн сырыыттан уҕаалаата.,мой конь истомился от быстрой езды.,4,7,32,35,1.09375,1.75
Икки ардыларынан уу тохтубат.,между ними и вода не просочится.,4,7,29,32,1.103448275862069,1.75
Икки ардыларынан уу тохтубат.,их и водой не разольёшь.,4,6,29,24,0.8275862068965517,1.5
"Ийэ-аҕа санаата оҕоҕо, оҕо санаата тааска.","родители тоскуют по детям, дети - по скалам.",6,10,42,44,1.0476190476190477,1.6666666666666667
Идэлээх идэтиттэн өлөр.,умелец погибает от своего умения.,3,6,23,33,1.434782608695652,2.0
"Идэлээҕи кытта олоруоҥ — идэлээх буолуоҥ, түөкүнү кытта олоруоҥ — түөкүн буолуоҥ.","с умельцем жить — стать умельцем, с вором жить — стать вором.",12,14,81,61,0.7530864197530864,1.1666666666666667
Улахан өрүс уорааннаах.,на большой реке бывает холодный ветер.,3,7,23,38,1.6521739130434783,2.3333333333333335
"Көр эрэ маны, өссө кини сөбүлэспэт!","смотрите-ка на него, он ещё не соглашается!",6,9,35,43,1.2285714285714286,1.5
Көрсүө-сэмэй быһыы киһини киэргэтэр.,скромность украшает человека.,4,4,36,29,0.8055555555555556,1.0
Кини булчута өтө биллэр.,"сразу видно, что он охотник.",4,7,24,28,1.1666666666666667,1.75
Ити өтөрдөөҥүтэ буолбута.,это было недавно.,3,4,25,17,0.68,1.3333333333333333
Өттүк баттанан турар.,он стоит подбоченившись.,3,4,21,24,1.1428571428571428,1.3333333333333333
Оҕону үтүктүмэҥ.,не передразнивайте ребёнка.,2,4,16,27,1.6875,2.0
Үтүгэн киһи мустубут.,собралось достаточно много народу.,3,5,21,34,1.619047619047619,1.6666666666666667
Том миэхэ балыгы үтүгэнник биэрдэ.,том дал мне много рыбы.,5,6,34,23,0.6764705882352942,1.2
Хайа иччитигэр дылы үтүктүгэс.,"он передразнивает, как обезьяна.",4,6,30,32,1.0666666666666667,1.5
Үтүмэн уларыйыылар таҕыстылар.,в нашей жизни произошли большие изменения.,3,7,30,42,1.4,2.3333333333333335
"Үтүө ат биир кымньыылаах, үтүө киһи биир тыллаах.","доброму коню достаточно одного удара кнутом, у хорошего человека — одно слово.",8,14,49,78,1.5918367346938775,1.75
Үтүө биэттэн абааһы кулун төрөөбүтүгэр дылы.,и от хорошей кобылы рождается жеребёнок-урод.,6,7,44,45,1.0227272727272727,1.1666666666666667
Кини үтүөтэ ум-нуллуо суоҕа.,его доброта не забудется.,4,5,28,25,0.8928571428571429,1.25
Эрэй үтүөтүн эрэйдэнним.,"я узнал, почём фунт лиха.",3,7,24,25,1.0416666666666667,2.3333333333333335
Хайа үтүгэҥҥэ тустэ?,куда он запропастился?,3,4,20,22,1.1,1.3333333333333333
Хайа үтүгэҥҥэ тустэ?,в какую пропасть он провалился?,3,6,20,31,1.55,2.0
Том Саха үтүөлээх артиһа буолла.,том становится заслуженным артистом якутии.,5,6,32,43,1.34375,1.2
Том сэриигэ үтүөлэрин иһин наҕараадаланна.,том награждён за боевые заслуги.,5,6,42,32,0.7619047619047619,1.2
Ыалдьара үтүө буолла.,ему полегчало.,3,3,21,14,0.6666666666666666,1.0
Ыалдьара үтүө буолла.,его болезнь проходит.,3,4,21,21,1.0,1.3333333333333333
Үтүөкэн майгылаах.,у него прекрасный характер.,2,5,18,27,1.5,2.5
Том наһаа үтүөмсүйэр.,том слишком важничает.,3,4,21,22,1.0476190476190477,1.3333333333333333
Ыарыһах үтүөрдэ.,больной выздоровел.,2,3,16,19,1.1875,1.5
Ыарыһах үтүөрдэ.,его болезнь прошла.,2,4,16,19,1.1875,2.0
Ыарыһах үтүөрдэ.,её болезнь прошла.,2,4,16,18,1.125,2.0
Бааһа үтүөр-бүт.,его рана зажила.,2,4,16,16,1.0,2.0
Том үтүөмсүк киһи.,том кичливый человек.,3,4,18,21,1.1666666666666667,1.3333333333333333
Мин киниттэн үбүлэнэн үөрэммитим.,я выучился на его средства.,4,6,33,27,0.8181818181818182,1.5
Оҕонньор кырдьан наһаа үгдэрийбит.,старик ослабел от старости.,4,5,34,27,0.7941176470588235,1.25
Үгүһү да оҥоруо.,он ещё многое сделает.,3,5,16,22,1.375,1.6666666666666667
"Үгүс тыл сымсах, аҕыйах тыл минньигэс.","много слов — горько, мало слов — сладко.",6,10,38,40,1.0526315789473684,1.6666666666666667
Уол үгүстүк ыарытар.,мальчик часто болеет.,3,4,20,21,1.05,1.3333333333333333
Бу оҕо оонньуута буолбатах.,это не пустяки.,4,4,27,15,0.5555555555555556,1.0
Том оҕотугар түспүт.,том впал в детство.,3,5,20,19,0.95,1.6666666666666667
Мария элбэх оҕолоох ийэ.,мария - многодетная мать.,4,5,24,25,1.0416666666666667,1.25
Хаһан кэлэҕин?,когда ещё приедешь?,2,4,14,19,1.3571428571428572,2.0
Оҕотук санаам уурайда.,я остепенился.,3,3,22,14,0.6363636363636364,1.0
Оҕотук санаам уурайда.,мои детские мысли прошли.,3,5,22,25,1.1363636363636365,1.6666666666666667
Букатын наадата суох.,вовсе не нужно.,3,4,21,15,0.7142857142857143,1.3333333333333333
Онно быйыл эһэ баар буолбут.,в этом году там появились медведи.,5,7,28,34,1.2142857142857142,1.4
Бүгүн Том куоракка баар буолбут.,сегодня том уже в городе.,5,6,32,25,0.78125,1.2
Наадалаах кэмҥэ суох буолан иһэриҥ баар эбээт.,в нужное время ты всегда отсутствуешь.,7,7,46,38,0.8260869565217391,1.0
Ити курдук этэриҥ баар ээт!,и надо же тебе так говорить!,5,7,27,28,1.037037037037037,1.4
Саҥара охсубатыҥ баар ээ.,ты никогда сразу же не отвечаешь.,4,7,25,33,1.32,1.75
Букатын аккаастаан кэбиһиэм баар ээ.,"возможно, я совсем откажусь.",5,6,36,28,0.7777777777777778,1.2
Дьиэттэн тахсыа суохха баар этэ.,не следовало бы выходить из дома.,5,7,32,33,1.03125,1.4
Кинини кулгааҕын үргүөх баар этэ.,надо бы надрать ему уши.,5,6,33,24,0.7272727272727273,1.2
Таҥара баарына!,ей богу!,2,3,15,8,0.5333333333333333,1.5
Миэхэ саҥа кинигэ баар.,у меня есть новая книга.,4,6,23,24,1.0434782608695652,1.5
Кылааска сүүрбэ үөрэнээччи баар.,в классе присутствует двадцать учеников.,4,6,32,40,1.25,1.5
"Сатана баара, бостуой сөбүлэһэммин.","чёрт побери, зря я согласился.",4,7,35,30,0.8571428571428571,1.75
"Сордоох баара, итини билбэт.","а он, несчастный, этого не знает.",4,9,28,33,1.1785714285714286,2.25
"Орой төбөт баара, букатын куттаммат!","шалунишка какой, совсем не боится!",5,7,36,34,0.9444444444444444,1.4
Төннөн кэпсэтиэх баара.,надо было бы вернуться и поговорить.,3,7,23,36,1.565217391304348,2.3333333333333335
Кини наадыйдаҕына кэлиэ баара дуо!,"когда нужно, его не бывает!",5,7,34,27,0.7941176470588235,1.4
Киһиргиэ баара дуо?,"он что, хвастаться будет?",3,6,19,25,1.3157894736842106,2.0
Ону кыайыам баара дуо?,разве я одолею это?,4,5,22,19,0.8636363636363636,1.25
Барарбыт баара эрэ биир чаас хаалла.,до нашего отправления остался всего-навсего час.,6,7,36,48,1.3333333333333333,1.1666666666666667
"Массыынаны биэрбиттэр, ону баара бэйэбит сатаан туһамматыбыт.","нам выделили машину, а мы, какая досада, не сумели её использовать.",7,15,61,67,1.098360655737705,2.142857142857143
Кэлбиппит баара-суоҕа икки хонно.,мы приехали всего лишь два дня назад.,4,8,33,37,1.121212121212121,2.0
Харчым баара-суоҕа ити.,вот все мои деньги.,3,5,23,19,0.8260869565217391,1.6666666666666667
Биһиги суруйбуппут баараа.,не мы же писали это.,3,6,26,20,0.7692307692307693,2.0
Эн сыыспытыҥ баараа.,не ты же ошибся.,3,5,20,16,0.8,1.6666666666666667
"Баҕар, хомуйума, мин мөҥүллүөм баараа.","не хочешь, не убирай, не меня же будут ругать.",5,12,38,46,1.2105263157894737,2.4
Уол биллэ-көстө баараҕадыйбыт.,юноша заметно возмужал.,3,4,30,23,0.7666666666666667,1.3333333333333333
Ким билбитэ баарай!?,yes кто же знал!?,3,6,20,17,0.85,2.0
Мин диэбитим баарай.,не я же сказал.,3,5,20,15,0.75,1.6666666666666667
Мин эрэ харчыны ылбытым баарай.,не только я брал взятку.,5,6,31,24,0.7741935483870968,1.2
Хайдах гыммыт киһи ситиһиэ баарай?,как же ему отомстить?,5,5,34,21,0.6176470588235294,1.0
Туох истиэ-көрүө баарай.,никто не поможет.,3,4,24,17,0.7083333333333334,1.3333333333333333
Дьэ тугу этиэҥ баарай!,ничего не скажешь!,4,4,22,18,0.8181818181818182,1.0
Баардаах эрээригин биэрбэккин.,"у тебя есть что дать, но ты не даёшь.",3,11,30,37,1.2333333333333334,3.6666666666666665
Тыал баарыстаан өрүһү нэһиилэ туораатыбыт.,из-за встречного ветра мы с трудом переплыли реку.,5,9,42,50,1.1904761904761905,1.8
Харчы ахсааны сөбүлүүр.,деньги любят счёт.,3,4,23,18,0.782608695652174,1.3333333333333333
Алтан биир харчыга турбат.,гроша медного не стоит.,4,5,26,23,0.8846153846153846,1.25
Алтан биир харчыга турбат.,гроша ломаного не стоит.,4,5,26,24,0.9230769230769231,1.25
Харчы уҥуоҕун үлтү түспүт.,он разбил себе коленку.,4,5,26,23,0.8846153846153846,1.25
Харчылаах эрэй таҕыста.,затрачен большой труд.,3,4,23,22,0.9565217391304348,1.3333333333333333
Хара тыыммын харыстаа.,защити бедную душу мою.,3,5,22,23,1.0454545454545454,1.6666666666666667
Бу ат уоҕа дьэ хараата.,эта норовистая лошадь наконец-то стала смирней.,5,7,23,47,2.0434782608695654,1.4
Сүөһүлэргин киминэн эмит харайтар.,попроси кого-нибудь присмотреть за вашим скотом.,4,7,34,48,1.411764705882353,1.75
"Хаар хараарар, харалдьык тахсар.","снег тает, выступают проталины.",4,6,32,31,0.96875,1.5
Наһаа харамсыйыма.,ты не очень жадничай.,2,5,18,21,1.1666666666666667,2.5
Аламай күнүм хараҥарда.,ласковое моё солнце помрачилось.,3,5,23,32,1.391304347826087,1.6666666666666667
Кини хостору барытын харбаталаата.,она подмела все комнаты.,4,5,34,24,0.7058823529411765,1.25
Кини хостору барытын харбаталаата.,он подмёл все комнаты.,4,5,34,22,0.6470588235294118,1.25
Кинини халлаан таҥараҕа харахтаппат.,её не показывают даже в ясную погоду.,4,8,36,37,1.0277777777777777,2.0
Күн сирэ күндү.,мир под солнцем до́рог.,3,5,15,23,1.5333333333333334,1.6666666666666667
Күн сирэ күндү.,мир под солнцем дорог.,3,5,15,22,1.4666666666666666,1.6666666666666667
Күнү күннүктээн айаннаатыбыт.,мы ехали целыми днями.,3,5,29,22,0.7586206896551724,1.6666666666666667
Күн-дьыл биллибэккэ ааһар.,время идёт незаметно.,3,4,26,21,0.8076923076923077,1.3333333333333333
Күн-дьыл биллибэккэ ааһар.,дни и годы текут незаметно.,3,6,26,27,1.0384615384615385,2.0
Булчуттар күннээтилэр.,охотникам очень повезло.,2,4,22,24,1.0909090909090908,2.0
Кини күннээн сылдьар.,он доволен и блаженствует.,3,5,21,26,1.2380952380952381,1.6666666666666667
Кини күннээн сылдьар.,у него большая удача.,3,5,21,21,1.0,1.6666666666666667
Сүгүн дьүгээр араҕыа суоҕа.,по-доброму он не отстанет.,4,5,27,26,0.9629629629629629,1.25
Дьүгээр эрэйдэнэр.,он зря мучается.,2,4,18,16,0.8888888888888888,2.0
Дьүгээр кэлбэтэх.,он приходил не зря.,2,5,17,19,1.1176470588235294,2.5
Таҥаһа-саба дьүдэйбит.,он стал неряшлив в одежде.,2,6,22,26,1.1818181818181819,3.0
Түүлүм дьүдэйэн барда.,мне стали сниться плохие сны.,3,6,22,29,1.3181818181818181,2.0
Балык дьүдэйбит.,рыба испортилась.,2,3,16,17,1.0625,1.5
Эн кинини олус дьүдэтэн кэпсээтиҥ.,"ты изобразил его хуже, чем он есть.",5,9,34,35,1.0294117647058822,1.8
Эти дьүдэппиттэр.,они испортили мясо.,2,4,17,19,1.1176470588235294,2.0
Дьүдэхтик таҥныбыт.,он одет неряшливо.,2,4,19,18,0.9473684210526315,2.0
Атым иннин диэки дьүккүһэр.,конь мой рвётся вперёд.,4,5,27,23,0.8518518518518519,1.25
Дьүлэйэ бэргээбит.,глухота у него усилилась.,2,5,18,25,1.3888888888888888,2.5
Маныаха дьүөрэлии оҥор.,сделай это по образцу того.,3,6,23,27,1.173913043478261,2.0
Кинилэри кытары дьүрү бииргэ да сылдьыбытым суох.,я с ними даже и вместе не бывал.,7,9,49,32,0.6530612244897959,1.2857142857142858
Туох да дьүүлэ биллибэт.,в этом no никакого толку.,4,6,24,25,1.0416666666666667,1.5
Үтүө дьүһүммүн көрүөххүт.,вы ещё увидите меня в лучшем виде.,3,8,25,34,1.36,2.6666666666666665
Үтэһэтэ туолбут.,настал час расплаты.,2,4,16,20,1.25,2.0
Тула өттүлэриттэн үтүрүллүбүттэр.,их притесняли со всех сторон.,3,6,33,29,0.8787878787878788,2.0
Былыр ойуун абааһыны үтэйэр дииллэрэ.,"в старину говаривали, что шаман прогоняет злого духа;",5,10,37,53,1.4324324324324325,2.0
Уу эттиги өрө үтэйэр.,вода выталкивает погружённое в неё тело.,4,7,21,40,1.9047619047619047,1.75
Том суукка үҥэр.,том подал жалобу в суд.,3,6,16,23,1.4375,2.0
"Ити үҥэр муоһум, тэбэр туйаҕым.","это мои выставленные рога, лягающие копыта.",5,8,31,43,1.3870967741935485,1.6
Бэрэбинэни күөлгэ үҥкүрүттүлэр.,бревно скатили к озеру.,3,5,31,23,0.7419354838709677,1.6666666666666667
Том элбэхтик үлэлиибин диэн үҥсэргиир.,"том сетует, что много работает.",5,7,38,31,0.8157894736842105,1.4
Мэнээк үөхсүмэ.,без причины не ругайся.,2,5,15,23,1.5333333333333334,2.5
Оҕолор хос иһин үөдэн-таһаан түһэрбиттэр.,дети учинили в комнате беспорядок.,5,6,41,34,0.8292682926829268,1.2
Кини үөл мастан үөннээн сиэбит.,он ест насекомых с растущего дерева.,5,7,31,36,1.1612903225806452,1.4
Үөл мастан үөннээн сиэбит.,он ест насекомых с растущего дерева.,4,7,26,36,1.3846153846153846,1.75
Ол түбэлтэ-ни үөл-дьүөл өйдүүбүн.,тот случай я помню очень смутно.,4,7,33,32,0.9696969696969697,1.75
Ол түбэлтэни үөл-дьүөл өйдүүбүн.,тот случай я помню очень смутно.,4,7,32,32,1.0,1.75
Үөлүллүбүт балык үчүгэй амтаннаах буолуо.,жареная на рожне рыба бывает очень вкусной.,5,8,41,43,1.048780487804878,1.6
Оҕолор учууталларын тула үөмэхтэстилэр.,дети столпились вокруг учителя.,4,5,39,31,0.7948717948717948,1.25
Бу уу үөнэ-көйүүрэ элбэх.,в этом водоёме много разной мелкой живности.,4,8,25,44,1.76,2.0
Кини үөнэ-көйүүрэ бүппэт.,он продолжает свой каверзы.,3,5,25,27,1.08,1.6666666666666667
Кини үөрбүт-көппүт ахан.,он очень обрадовался.,3,4,24,21,0.875,1.3333333333333333
Үрдүк дьол биһиэхэ үөрдүстэ.,к нам пришло большое счастье.,4,6,28,29,1.0357142857142858,1.5
Хаастар бараары үөрдээбиттэр.,"гуси собрались в стаю, чтобы улететь.",3,8,29,37,1.2758620689655173,2.6666666666666665
Атыыр биэ бөҕөнү үөрдээбит.,жеребец собрал большое стадо кобылиц.,4,6,27,37,1.3703703703703705,1.5
Миигин улаханнык үөртэ.,он меня очень обрадовал.,3,5,23,24,1.0434782608695652,1.6666666666666667
Үөрүү-көтүү бөҕө буолла.,наступило всеобщее ликование.,3,4,24,29,1.2083333333333333,1.3333333333333333
Үөрэ-дьүөрэ үктээн барда.,"он пошёл ритмичным, скорым шагом.",3,7,25,33,1.32,2.3333333333333335
Кини эрэйгэ үөрэммит.,он привык к трудностям.,3,5,21,23,1.0952380952380953,1.6666666666666667
Үөрэнии — син биир сүүрүгү утары эрдинэр кэриэтэ.,"учение — всё равно, что плыть против течения.",8,10,49,45,0.9183673469387755,1.25
Кини аатырбыт физик үөрэнээччитэ.,он ученик знаменитого физика.,4,5,33,29,0.8787878787878788,1.25
"Күн сири сырдатар, үөрэх — киһини.","солнце озаряет землю, учение — человека.",6,8,34,40,1.1764705882352942,1.3333333333333333
Эйиэхэ бу үөрэх буолуо.,тебе это послужит уроком.,4,5,23,25,1.0869565217391304,1.25
Үөрэҕэ суох киһи хараҕа суоҕун кэриэтэ.,неграмотный человек подобен слепому.,6,5,39,36,0.9230769230769231,0.8333333333333334
Сүүс үөрэҕэ суохха биир үөрэх-тээҕи бэриллибэт.,за сто неграмотных не дадут одного грамотного.,6,8,47,46,0.9787234042553191,1.3333333333333333
Үөһүм да быстыа буоллар.,во что бы то ни стало.,4,7,24,22,0.9166666666666666,1.75
Үөһүм да быстыа буоллар.,хоть тресни.,4,3,24,12,0.5,0.75
Үөһүм да быстыа буоллар.,yes хоть у меня аорта лопнет.,4,7,24,29,1.2083333333333333,1.75
Үөс-батааска биэрбэккэ илдьэ бара турдулар.,"не дав опомниться, они увели его с собой.",5,10,43,41,0.9534883720930233,2.0
Сүөһү бөҕөнү үөскэппиттэр.,они развели много рогатого скота.,3,6,26,33,1.2692307692307692,2.0
Бу барыта дьалаҕай быһыыттан үөскүүр.,всё это порождается халатностью.,5,5,37,32,0.8648648648648649,1.0
Биир өбүгэттэн үөскээбиттэр.,они произошли от одного предка.,3,6,28,31,1.1071428571428572,2.0
Кыыс куоракка үөскээбит.,девушка выросла в городе.,3,5,24,25,1.0416666666666667,1.6666666666666667
Киһи да бөҕө үөскүүр эбит!,ну и уродился же человек!,5,6,26,25,0.9615384615384616,1.2
Кустар үөстээ-биттэр.,утки уплыли далеко от берега.,2,6,21,29,1.380952380952381,3.0
Түүнү мөкүчүктээн мээчик сҥос-тубут.,"скатав шерсть в комок, он сделал себе мячик.",4,10,36,44,1.2222222222222223,2.5
Күн аайы эбиллибэт билии көҕүрүүр.,"знание, не дополняемое ежедневно, убывает.",5,8,34,42,1.2352941176470589,1.6
"Санаа баҕарар да, күүс тиийбэт.","желание есть, yes сил не хватает.",5,8,31,33,1.064516129032258,1.6
Сахсырҕа саҥата да иһиллэр чуумпута.,"такая тишина, что слышно даже жужжание мухи.",5,9,36,44,1.2222222222222223,1.8
Чааскылаах уу дьалкыйбат.,не расплещется чаша с водой.,3,6,25,28,1.12,2.0
Халлааҥҥа туойан кэбистэ.,отпел в небо.,3,4,25,13,0.52,1.3333333333333333
Халлааҥҥа туойан кэбистэ.,лишился навсегда.,3,3,25,17,0.68,1.0
"Баар хаалбат, мал холлубат.","имеющееся пригодится, добро понадобится.",4,6,27,40,1.4814814814814814,1.5
"Саары баттаһар, саппай уопсар.","вместе бежали, одновременно прибыли.",4,6,30,36,1.2,1.5
Киһи буруйа ааспат — халлаан түргэнник көнөр.,"скорее небо прояснится, чем вина человека забудется.",7,9,45,52,1.1555555555555554,1.2857142857142858
"Онойон турар оҥоруугуттан ордуоҥ кэриэтэ, ох сааттан ордуоҥ.","от стрелы увернёшься, но от судьбы не уйдёшь.",8,10,60,45,0.75,1.25
"Бараммыт баһыллыбат, тохтубут туолбат.","кончившееся не черпается, пролитое не пополняется.",4,8,38,50,1.3157894736842106,2.0
"Барбат киһитигэр барбат, биэрбэт киһитигэр биэрбэт.","неимущему ничего не приходит, кому не дано, у того не будет.",6,14,51,60,1.1764705882352942,2.3333333333333335
"Барбат киһитигэр барбат, биэрбэт киһитигэр биэрбэт.",голым родился — голым и умрёшь.,6,7,51,31,0.6078431372549019,1.1666666666666667
"Кимиэхэ хойуу, кимиэхэ убаҕас.","кому густо, кому пусто.",4,6,30,23,0.7666666666666667,1.5
"Токко сыа да сымсах, ааска уу да минньигэс.","сытому и жир не вкусен, голодному и вода сладка.",8,11,43,48,1.1162790697674418,1.375
"""Суоҕу"" суоруоҥ дуо?",разве вырубишь no,3,3,20,17,0.85,1.0
Баай үбэ барыта — бар дьоммут сүмэтэ.,деньги богача — это соки соотечественников.,7,7,37,43,1.162162162162162,1.0
Оҕонньордоох эмээхсин олорбуттара үһү.,жили-были старик со старухой.,4,5,38,29,0.7631578947368421,1.25
Дьэ биллэҕим үһү!,"наконец-то, я и узнал!",3,6,17,22,1.2941176470588236,2.0
Манна улуу күөл баара үһү.,"здесь, говорят, было огромное озеро.",5,8,26,36,1.3846153846153846,1.6
Кэлбит үһү.,"говорят, он приехал.",2,5,11,20,1.8181818181818181,2.5
"Кини буолуо уонна, ким үһү.","наверняка это был он, а кто же ещё.",5,10,27,35,1.2962962962962963,2.0
"Суох аата суох, хайыыр үһүгүт.","no значит, no ничего не поделаешь.",5,8,30,34,1.1333333333333333,1.6
"Суох аата суох, хайыыр үһүгүт.","no значит, no ничего не сделаете.",5,8,30,33,1.1,1.6
Аны биэрэр да үһүбүөт.,больше ни за что не дадим.,4,7,22,26,1.1818181818181819,1.75
Маны өлөрүгэр анаабыта.,он завещал это перед смертью.,3,6,23,29,1.2608695652173914,2.0
Бу мал анабыла маннык.,таково назначение этой вещи.,4,5,22,28,1.2727272727272727,1.25
Эһэ анаҕаһын көрдөрдө.,медведь показал свои клыки.,3,5,22,27,1.2272727272727273,1.6666666666666667
Аналым оннук буоллаҕа.,"такова, значит, моя судьба.",3,7,22,27,1.2272727272727273,2.3333333333333335
"Ааны анньыалаата да, аһыллыбата.","он несколько раз толкнул дверь, но она не поддалась.",4,11,32,52,1.625,2.75
Кини саҥа сонун анньынан кэбиспит.,он примерил себе новую шубу.,5,6,34,28,0.8235294117647058,1.2
Аны хойутаабат буол.,впредь не опаздывай.,3,4,20,20,1.0,1.3333333333333333
Аны саас кэлиэм.,я приеду нынешней весной.,3,5,16,25,1.5625,1.6666666666666667
Аны сымыйалыырыҥ буолаарай?,"может, ты неправду говоришь?",3,6,27,28,1.037037037037037,2.0
"Аны кэлэн, хаһан ситээри!",всё равно не догонишь!,4,5,25,22,0.88,1.25
"Оҕонньордоро аны туран, аатын умнан кээспит.",и вот вдруг старик позабыл своё собственное имя.,6,9,44,48,1.0909090909090908,1.5
Аныаха диэри утуйа иликкит дуу?,вы до сих пор ещё не спите?,5,8,31,27,0.8709677419354839,1.6
Уутугар аҥаарыйбыт.,он ещё сонный.,2,4,19,14,0.7368421052631579,2.0
Уутугар аҥаарыйбыт.,он ещё не очнулся после сна.,2,7,19,28,1.4736842105263157,3.5
Уутугар аҥаарыйбыт.,он ещё не очнулся.,2,5,19,18,0.9473684210526315,2.5
Аҥара хаалбыт.,он сильно похудел.,2,4,14,18,1.2857142857142858,2.0
Килиэби аҥардастыбыт.,мы поделили хлеб между собой пополам.,2,7,21,37,1.7619047619047619,3.5
"Акка ыҥыырдаатахха, аҥардастаабат тэҥнэр.","если навьючить ими лошадь, ни один не перетянет.",4,10,41,48,1.170731707317073,2.5
"Акка ыҥыырдаатахха, аҥардастаабат тэҥнэр.",они очень похожи друг на друга.,4,7,41,31,0.7560975609756098,1.75
Аҥардастыы мөҥөр.,он только бранится.,2,4,17,19,1.1176470588235294,2.0
Аҥардастыы мөҥөр.,не даёт и слова сказать.,2,6,17,24,1.411764705882353,3.0
Дириҥ оҥхой аҥас гынна.,внезапно разверзлась глубокая пропасть.,4,5,23,39,1.6956521739130435,1.25
Бу киһи аҥныыта бүппэт.,этот человек очень долго собирается.,4,6,23,36,1.565217391304348,1.5
Үтүлүктэрим аҥы-аҥылар.,у меня рукавицы разные.,2,5,23,23,1.0,2.5
Үтүлүктэрим аҥы-аҥылар.,у меня рукавицы на одну руку.,2,7,23,29,1.2608695652173914,3.5
Үтүлүктэрим аҥы-аҥылар.,у меня рукавицы от разных пар.,2,7,23,30,1.3043478260869565,3.5
Икки аҥы сүүрдүлэр.,они разбежались в разные стороны.,3,6,19,33,1.736842105263158,2.0
Итинэн оҥойон-чоҥойон барыам суоҕа.,от этого я не обеднею.,4,6,35,22,0.6285714285714286,1.5
Итинэн оҥойон-чоҥойон барыам суоҕа.,это не будет для меня большим убытком.,4,8,35,38,1.0857142857142856,2.0
Иннибитигэр дириҥ иин оҥойон көһүннэ.,впереди зияла глубокая яма.,5,5,37,27,0.7297297297297297,1.0
Истиэнэҕэ үүт оҥойон көстөр.,в стене зияла сквозная дыра.,4,6,28,28,1.0,1.5
Отонноотоххо оҥоойук туолар.,ягодка к ягодке — лукошко наполнится.,3,7,28,37,1.3214285714285714,2.3333333333333335
Отонноотоххо оҥоойук туолар.,капля по капле — море будет.,3,7,28,28,1.0,2.3333333333333335
Мин кинини сөбүлүө оҥоробун.,"я полагаю, что он согласится.",4,7,28,29,1.0357142857142858,1.75
Оҥорбучча маны эмиэ оҥор.,"если сделал то, сделай и это.",4,8,25,29,1.16,2.0
Элбэх сыарҕалары оҥортолоотулар.,они изготовили много саней.,3,5,32,27,0.84375,1.6666666666666667
Ийэлэрэ оҕолор ороннорун оҥортоото.,мать постелила всем детям постели.,4,6,35,34,0.9714285714285714,1.5
Дьоллооҕунан оҥостунабын.,я считаю себя счастливым.,2,5,25,25,1.0,2.5
Итини кини үчүгэйим оҥостор быһыылаах.,"он, видимо, думает, что это хорошо.",5,10,38,35,0.9210526315789473,2.0
Оҥхой сир уута суох турбат.,овраг без воды не бывает.,5,6,27,25,0.9259259259259259,1.2
"Оҕо—киһи дьоло, эрэлэ.",ребёнок — счастье и надежда человека.,3,7,22,37,1.6818181818181819,2.3333333333333335
Оҕотугар түспүт.,он впал в детство.,2,5,16,18,1.125,2.5
Кини барыах тустаах.,он должен ехать.,3,4,20,16,0.8,1.3333333333333333
Армияҕа барар сааһа ситэн эрэр киһи допризывник ааттанар.,"юноша, ещё не достигший возраста для службы в армии, называется допризывником.",8,14,57,78,1.368421052631579,1.75
Ытым аата Харабыл.,кличка моей собаки страж.,3,5,18,25,1.3888888888888888,1.6666666666666667
Үтүөлээх учууталын аатын биэрбиттэр.,ему присвоили звание заслуженного учителя республики.,4,7,36,53,1.4722222222222223,1.75
Үтүөлээх учууталын аатын биэрбиттэр.,ей присвоили звание заслуженного учителя республики.,4,7,36,52,1.4444444444444444,1.75
Бу малы Казанҕа сылдьыбыт ааппар атыыластым.,эту вещь я купил в память о пребывании в казани.,6,11,44,48,1.0909090909090908,1.8333333333333333
Аҕатын сүрэхтээх аатыгар сүрэҕэ суох уол төрөөбүт.,в противоположность работяге отцу сын оказался лентяем.,7,8,50,55,1.1,1.1428571428571428
Аата эрэ үлэлиир.,он работает только для виду.,3,6,17,28,1.6470588235294117,2.0
Илим аатыттан ааспыт.,сеть стала ни к чему непригодной.,3,7,21,33,1.5714285714285714,2.3333333333333335
Илим аатыттан ааспыт.,сеть совсем изорвалась.,3,4,21,23,1.0952380952380953,1.3333333333333333
Аатыттан суох.,и в помине no,2,4,14,13,0.9285714285714286,2.0
Аҕабыт ойоҕо аакка түһэр.,жена священника в ад попадает.,4,6,25,30,1.2,1.5
"Таптал баай хоту, аат-суол да хоту буолбат.",любят не ради богатства и не ради громкой славы.,7,10,43,48,1.1162790697674418,1.4285714285714286
"Суох аата суох, көрдөөмөҥ.",no значит — no не ищите.,4,7,26,24,0.9230769230769231,1.75
Билбэт аата мөккүһүмэ.,"не знаешь, не спорь.",3,6,22,20,0.9090909090909091,2.0
Кыайбат аата көтөҕө сатыыллар.,"они силятся поднять, хотя и не могут.",4,9,30,37,1.2333333333333334,2.25
"Аата, утуйбута тугун кытаанаҕай!","ну и крепко же он спит, однако!",4,9,32,31,0.96875,2.25
"Аата, кини айаҕыттан кыһыл көмүс тохтуо буоллаҕай!","молчит, будто у него изо рта серебро посыплется!",7,10,50,48,0.96,1.4285714285714286
Аатын ааттаа.,назови его имя.,2,4,13,15,1.1538461538461537,2.0
Оҕоҕутун ким диэн ааттаатыгыт?,какое имя вы дали своему ребёнку?,4,7,30,33,1.1,1.75
Оҕоҕутун ким диэн ааттаатыгыт?,как вы назвали своего ребёнка?,4,6,30,30,1.0,1.5
Кинини күүстээх диэн ааттыыллар.,его считают сильным.,4,4,32,20,0.625,1.0
Маны Том диэн ааттаах киһи кэпсээбитэ.,это рассказал человек по имени том.,6,7,38,35,0.9210526315789473,1.1666666666666667
"Дойду сурахтаах, алаас ааттаах.",каждая страна имеет свою славу.,4,6,31,31,1.0,1.5
Эр киһи ааттаах биир да суох.,там no ни одного мужчины.,6,6,29,25,0.8620689655172413,1.0
Мас онно үүммэт ааттаах.,"говорят, там и деревья не растут.",4,8,24,33,1.375,2.0
Мас онно үүммэт ааттаах.,едва ли можно верить этому.,4,6,24,27,1.125,1.5
Ону кини эрэ билбит ааттаах.,об этом узнал якобы только он.,5,7,28,30,1.0714285714285714,1.4
Снайпер ааттаах!,а ещё снайпером называется!,2,5,16,27,1.6875,2.5
Туох ааттааҕын мээрилээн хааллыҥ?,что это ты повторяешь всё время одно и то же?,4,11,33,45,1.3636363636363635,2.75
Тылбар турбатахпына сымыйаччы ааттаныам.,"если я не сдержу слова, буду считаться лжецом.",4,10,40,46,1.15,2.5
Ааппытын ааттаһан билсистибит.,"мы познакомились, назвав друг другу свои имена.",3,9,30,47,1.5666666666666667,3.0
Ааттаһан нэһиилэ аҕаллылар.,они его с трудом уговорили прийти.,3,7,27,34,1.2592592592592593,2.3333333333333335
Олус да ааттатаҕын!,и любишь же ты заставлять себя упрашивать!,3,8,19,42,2.210526315789474,2.6666666666666665
Ааттаһардыы көрдө.,он смотрел умоляюще.,2,4,18,20,1.1111111111111112,2.0
Кини күүстээҕинэн аатырар.,он слывёт силачом.,3,4,26,18,0.6923076923076923,1.3333333333333333
Кини күүстээҕинэн аатырар.,он известен как силач.,3,5,26,22,0.8461538461538461,1.6666666666666667
Ол киһини наһаа аатырдаллар.,его слишком расхваливают.,4,4,28,25,0.8928571428571429,1.0
Кур бэйэм кубулуйбакка олоробун.,"каким я был, таким и остался.",4,8,32,29,0.90625,2.0
Кур бэйэм кубулуйбакка олоробун.,я совсем не изменился.,4,5,32,22,0.6875,1.25
"Баһа байҕал, кутуруга куиаар.","голова его — море, хвост — безвестная даль.",4,10,29,43,1.4827586206896552,2.5
"Баһа байҕал, кутуруга куиаар.",он предприимчив и не боится риска.,4,7,29,34,1.1724137931034482,1.75
Куйа таһаҕастаах.,у него очень мало вещей.,2,6,17,24,1.411764705882353,3.0
Күн куйааран эрэр.,день становится жарким.,3,4,18,23,1.2777777777777777,1.3333333333333333
Күнү быһа куйаарар.,он заливается весь день.,3,5,19,24,1.263157894736842,1.6666666666666667
Куйахата күүрдэ.,у него волосы встали дыбом.,2,6,16,27,1.6875,3.0
Кутуругун куйбаҥнатта.,собака завиляла хвостом.,2,4,22,24,1.0909090909090908,2.0
Ону-маны куйуурдуурун сөбүлүүр.,он любит выклянчивать что-нибудь.,3,5,31,33,1.064516129032258,1.6666666666666667
От охсон куластанар.,он косит широкими взмахами.,3,5,20,27,1.35,1.6666666666666667
"Хаптаҕай кулгаах истибэтэх, хара харах көрбөтөх.","плоским ухом не услышанное, чёрным глазом не увиденное.",6,10,48,55,1.1458333333333333,1.6666666666666667
"Хаптаҕай кулгаах истибэтэх, хара харах көрбөтөх.",вот уж диковинка какая!,6,5,48,23,0.4791666666666667,0.8333333333333334
"Хаптаҕай кулгаахтаах истибэтин, хара харахтаах көрбөтүн.",пусть не услышит плоскоухий и не увидит черноглазый.,6,9,56,52,0.9285714285714286,1.5
"Хаптаҕай кулгаахтаах истибэтин, хара харахтаах көрбөтүн.",пусть это никому не будет известно.,6,7,56,35,0.625,1.1666666666666667
Табаххыттан кулу эрэ.,дай-ка немножко твоего табаку.,3,5,21,30,1.4285714285714286,1.6666666666666667
Кулуһун курдук көнө.,он строен как камыш.,3,5,20,20,1.0,1.6666666666666667
Баайга биэрэр кумахха ууну кутар кэриэтэ.,"отдавать богачу - всё равно, что лить воду в песок.",6,12,41,51,1.2439024390243902,2.0
Кураанах тыльшан кумахтан өтүүнү өрөр.,он пустыми словами из песка верёвки вьёт.,5,8,38,41,1.0789473684210527,1.6
Куттанан кумуйбут.,он весь съёжился от страха.,2,6,18,27,1.5,3.0
Ыт кутуругун кумунна.,собака поджала хвост.,3,4,21,21,1.0,1.3333333333333333
Куоска тыҥырахтарын кумунар.,кошка убирает когти.,3,4,28,20,0.7142857142857143,1.3333333333333333
Куоска тыҥырахтарын кумунар.,кошка втягивает когти.,3,4,28,22,0.7857142857142857,1.3333333333333333
Оиуурдаах куобах кэтэҕинэн оонньуур.,заяц в лесу без оглядки резвится.,4,7,36,33,0.9166666666666666,1.75
Оиуурдаах куобах кэтэҕинэн оонньуур.,заяц чувствует себя в безопасности.,4,6,36,35,0.9722222222222222,1.5
Тыалтан тииттэр төбөлөрө куоҕалдьыһаллар.,верхушки деревьев качаются от ветра.,4,6,41,36,0.8780487804878049,1.5
Том мунньахха тыл эттэ.,том выступил на собрании.,4,5,23,25,1.0869565217391304,1.25
Артист сценаҕа оонньоото.,артист выступил на сцене.,3,5,25,25,1.0,1.6666666666666667
Бырахпыт быыра курдук барыам.,"я исчезну, как пущенная из лука стрела.",4,9,29,39,1.3448275862068966,2.25
Ардах быыстала суох кутар.,дождь льёт беспрерывно.,4,4,26,23,0.8846153846153846,1.0
Икки көлүйэ күөлү биир тиит быыһаабыт үһү.,одна лесина разделила два озерца.,7,6,42,33,0.7857142857142857,0.8571428571428571
"Оҕолор олбуорга быардыы түһэн баран, саҥата суох биһигини одууласпыттара.","ребятишки, навалившись на забор, молча смотрели на нас.",9,11,73,55,0.7534246575342466,1.2222222222222223
Том сыалыһар быара буолар.,том льстит.,4,3,26,11,0.4230769230769231,0.75
Том сыалыһар быара буолар.,том лебезит.,4,3,26,12,0.46153846153846156,0.75
Том сыалыһар быара буолар.,том становится как печень налима.,4,6,26,33,1.2692307692307692,1.5
Мария күннүктээн иистэнэн унаарыйар.,мария целыми днями неторопливо шьёт.,4,6,36,36,1.0,1.5
Сайын манна от үүнэн унаарыйар.,летом здесь колышется сочная высокая трава.,5,7,31,43,1.3870967741935485,1.4
Ыраах буруо унаарыйар.,вдали мягко курится дымок.,3,5,22,26,1.1818181818181819,1.6666666666666667
Отуу буруота унаарыччы таҕыста.,высоко вьётся дымок от костра.,4,6,31,30,0.967741935483871,1.5
Уһун буруону унаарытар.,он живёт богато и счастливо.,3,6,23,28,1.2173913043478262,2.0
Уһун буруону унаарытар.,у него дым протягивается и вширь.,3,7,23,33,1.434782608695652,2.3333333333333335
Аппын уҥардым.,я запалил свою лошадь.,2,5,14,22,1.5714285714285714,2.5
Аппын уҥардым.,я загнал свою лошадь.,2,5,14,21,1.5,2.5
Кутталыттан уҥна.,от испуга он потерял сознание.,2,6,17,30,1.7647058823529411,3.0
Ардахтаах күннэргэ супту уҥуоҕургуубун.,в ненастные дни я всегда чувствую вялость.,4,8,39,42,1.0769230769230769,2.0
Бу сон өҥө-түүтэ бараммыт.,эта шуба совершенно износилась.,4,5,26,31,1.1923076923076923,1.25
Ынаххыт өҥө-түүтэ хайдах этэй?,какова на вид была ваша корова?,4,7,30,31,1.0333333333333334,1.75
Былаат кустук араас өҥүнэн оонньоото.,платок переливался разными цветами радуги.,5,6,37,42,1.135135135135135,1.2
Итиннэ кини өҥөтө улахан.,в этом его большая заслуга.,4,6,25,27,1.08,1.5
Кинигэни ааҕан кэбистэ.,он быстро прочитал книгу.,3,5,23,25,1.0869565217391304,1.6666666666666667
"Өр-өтөр гыммата, бүтэрэн кэбистэ.",он тотчас же это сделал.,4,6,33,24,0.7272727272727273,1.5
Былыттар өрө күүрэн таҕыстылар.,облака стремительно заволокли небо.,4,5,31,35,1.1290322580645162,1.25
Окко өрөбүлэ суох үлэлээбиттэрэ.,на сеноуборке они работали без выходных.,4,7,32,40,1.25,1.75
Өрөҕөтө-уорҕата биллибэт.,он совершенно беспринципный человек.,2,5,25,36,1.44,2.5
"Уол оҕо бүгүн ат өрөҕөтүгэр, сарсын ат уорҕа-тыгар.","добрый молодец сегодня оказывается под конём, завтра — на коне.",8,12,51,63,1.2352941176470589,1.5
Оскуола быйыл үчүгэйдик өрөмүөннэммит.,в этом году школа хорошо отремонтирована.,4,7,38,41,1.0789473684210527,1.75
Манна хае да күн өрөөтүлэр.,здесь они отдыхали несколько дней.,5,6,27,34,1.2592592592592593,1.2
Өрөөбүт уоскун өһүл.,"держи речь, замолви слово.",3,6,20,26,1.3,2.0
Өрөөбүт уоскун өһүл.,развяжи свои праздные уста.,3,5,20,27,1.35,1.6666666666666667
Сүрэҕим өрүкүйэр.,у меня сердце трепещет.,2,5,17,23,1.3529411764705883,2.5
Дьэ өрүөл дии!,ну и орёл!,3,4,14,10,0.7142857142857143,1.3333333333333333
"Ити дорҕоону сатаан эппэппин, тылым өҕүллүбэт.","этот звук я не могу произнести, язык не поворачивается.",6,11,46,55,1.1956521739130435,1.8333333333333333
Том биһиги диэки өҕүллүбэт.,том не обращает внимания на нас.,4,7,27,32,1.1851851851851851,1.75
Өйө сынньылынна.,он отупел.,2,3,16,10,0.625,1.5
Өйө сынньылынна.,он перестал соображать.,2,4,16,23,1.4375,2.0
Кини ити тыллартан олус өһүргэннэ.,он очень оскорбился этими словами.,5,6,34,34,1.0,1.2
Аҕа дьону кытта мөккүһүмэ.,не пререкайся со старшими.,4,5,26,26,1.0,1.25
Аҕа баһын тосту олорбут.,он превзошёл своего отца.,4,5,24,25,1.0416666666666667,1.25
Аҕа баһын тосту олорбут.,он затмил славу своего отца.,4,6,24,28,1.1666666666666667,1.5
Кураанах маска хаан аҕыыр.,сухое дерево пачкает кровью.,4,5,26,28,1.0769230769230769,1.25
Кураанах маска хаан аҕыыр.,он завистник и клеветник.,4,5,26,25,0.9615384615384616,1.25
Том барыга аҕаамах киһи.,том легко осваивает любое дело.,4,6,24,31,1.2916666666666667,1.5
Том барыга аҕаамах киһи.,том большой умелец.,4,4,24,19,0.7916666666666666,1.0
Атыран аҕай сылдьар.,он находится в зените славы.,3,6,20,28,1.4,2.0
Ыксаабыт-ыгылыйбыт аҕай.,он страшно волнуется и торопится.,2,6,24,33,1.375,3.0
Доҕорум аҕай диэбит киһим.,я его всегда считал своим большим другом.,4,8,26,41,1.5769230769230769,2.0
Мин аҕай дэнэҕин.,"думаешь, только ты такой хороший.",3,7,17,33,1.9411764705882353,2.3333333333333335
Мин аҕай дэнэҕин.,ты много о себе мнишь.,3,6,17,22,1.2941176470588236,2.0
Биһиги аҕай буолбахтаабыккыт.,вы много о себе воображали.,3,6,29,27,0.9310344827586207,2.0
Итини барыан аҕай иннинэ эппитэ.,он об этом сказал перед самым отъездом.,5,8,32,39,1.21875,1.6
Соторутааҕыта аҕай бааллара.,они были здесь совсем недавно.,3,6,28,30,1.0714285714285714,2.0
Соторутааҕыта аҕай бааллара.,они только что были здесь.,3,6,28,26,0.9285714285714286,2.0
Аттыгынан аҕай ааспыт.,он прошёл совсем близко от тебя.,3,7,22,32,1.4545454545454546,2.3333333333333335
Кинини кытары булчут аҕай барыта сөбүлэспит.,с ним согласился каждый охотник.,6,6,44,32,0.7272727272727273,1.0
Мария үчүгэй аҕайдык үөрэнэрэ.,мария училась довольно хорошо.,4,5,30,30,1.0,1.25
Үчүгэй аҕайдык кэһэтэн биэр.,проучи его как следует.,4,5,28,23,0.8214285714285714,1.25
Дьулуурдаах аҕайдык үлэлээтибит.,мы работали очень упорно.,3,5,32,25,0.78125,1.6666666666666667
Сүөһүлэри манна үүрэн аҕал.,пригони сюда весь скот.,4,5,27,23,0.8518518518518519,1.25
Көтүмэх үлэ көдьүүһү аҕалбат.,небрежная работа не приносит пользы.,4,6,29,36,1.2413793103448276,1.5
Көтүмэх үлэ көдьүүһү аҕалбат.,авось до добра не доведёт.,4,6,29,26,0.896551724137931,1.5
Бааскын бу эминэн аҕан.,намажь свою рану этим снадобьем.,4,6,23,32,1.391304347826087,1.5
Күлэр ытыыр икки аҕас-балыстар.,смех и плач — родные сёстры.,4,7,31,28,0.9032258064516129,1.75
Баастан хаан аҕыалаата.,из раны выступила кровь.,3,5,23,24,1.0434782608695652,1.6666666666666667
Уу аҕыйаата.,воды стало мало.,2,4,12,16,1.3333333333333333,2.0
Мантан аҕыйата түс.,убавь отсюда немножко.,3,4,19,22,1.1578947368421053,1.3333333333333333
Дойдубун ахтабын.,я тоскую по своей родине.,2,6,17,25,1.4705882352941178,3.0
Оҕо ийэтин ахтар.,ребёнок скучает по матери.,3,5,17,26,1.5294117647058822,1.6666666666666667
Бааһын хаана аҕынна.,у него из раны перестала течь кровь.,3,8,20,36,1.8,2.6666666666666665
Уоргун аҕырат.,умерь свой гнев.,2,4,14,16,1.1428571428571428,2.0
Оннооҕор күөл уута аҕырымныыр.,вода в озере и та убывает.,4,7,30,26,0.8666666666666667,1.75
Оннооҕор күөл уута аҕырымныыр.,no ничего вечного.,4,4,30,18,0.6,1.0
Дьааһыгыттан кинигэлэрин хостоото.,он вынул книги из ящика.,3,6,34,24,0.7058823529411765,2.0
Ойбонтон борооскуну хостоотулар.,телёнка вытащили из проруби.,3,5,32,28,0.875,1.6666666666666667
Мантан элбэх көмүһү хостууллар.,здесь добывают много золота.,4,5,31,28,0.9032258064516129,1.25
Үс хостоох дьиэлээх.,у него в доме три комнаты.,3,7,20,26,1.3,2.3333333333333335
Угуҥ хос сүгэтэй?,зачем тебе два топора?,3,5,17,22,1.2941176470588236,1.6666666666666667
Угуҥ хос сүгэтэй?,зачем тебе второй топор?,3,5,17,24,1.411764705882353,1.6666666666666667
Хос-хос кэпсээтэ.,"он рассказывал, повторяясь.",2,5,17,27,1.588235294117647,2.5
Үтүлүк иһигэр кокуоска биэрбиккэ дылы.,будто кукиш в рукавице показали.,5,6,38,32,0.8421052631578947,1.2
Көҕүйбүччэ мин эмиэ сүүрдүм.,следом за другими я тоже побежал.,4,7,28,33,1.1785714285714286,1.75
Мантан көдьүүс тахсыа суох.,от этого не будет пользы.,4,6,27,25,0.9259259259259259,1.5
Тугу да көдьүүстэммэтим.,из этого я не извлёк никакой пользы.,3,8,24,36,1.5,2.6666666666666665
Туохха көдьүүстээҕэ биллибэт.,"какая от него польза, ещё неизвестно.",3,8,29,37,1.2758620689655173,2.6666666666666665
Атахтарым көймөһүннүлэр.,у меня запарились ноги.,2,5,24,23,0.9583333333333334,2.5
Үлэтин киһиэхэ көлбөрүйэр.,он свою работу сваливает на другого.,3,7,26,36,1.3846153846153846,2.3333333333333335
Сорудаҕы бэйэтиттэн көлбөрүтэр.,он уклоняется от поручения.,3,5,31,27,0.8709677419354839,1.6666666666666667
Көлдьүн күөмэйиттэн көппүт көнө буолааччы.,исходящее из уст мошенника всегда кажется правдой.,5,8,42,50,1.1904761904761905,1.6
Ити аты көлүн.,запряги себе этого коня.,3,5,14,24,1.7142857142857142,1.6666666666666667
Сыарҕа сыҥааҕа көллүбүт.,у саней разогнулись полозья.,3,5,24,28,1.1666666666666667,1.6666666666666667
"Хаан хаалбат, көлүөнэ көппөт.","кровь не исчезнет, поколение не пропадёт.",4,8,29,41,1.4137931034482758,2.0
Бу эмп көмөлеспөт.,это лекарство не помогает.,3,5,18,26,1.4444444444444444,1.6666666666666667
Том үлэбэр көмөлөһөөччү.,том оказывает мне помощь в работе.,3,7,24,34,1.4166666666666667,2.3333333333333335
"Уҥуохта көмүллээ, уоһахта салаа.","успокойся, умерь свой пыл и гнев.",4,8,32,33,1.03125,2.0
"Уҥуохта көмүллээ, уоһахта салаа.","погрызи кость, поешь молозива.",4,6,32,30,0.9375,1.5
Сэттэ сымыыттан биирдэрэ кыһыл көмүс үһү.,из семи яиц одно золотое.,6,6,41,25,0.6097560975609756,1.0
Алҕаскын көннөрүн.,исправь свою ошибку.,2,4,18,20,1.1111111111111112,2.0
Эн миэхэ дьөллүргэ буолума.,не будь ты мне обузой.,4,6,27,22,0.8148148148148148,1.5
Том харчытын миэхэ туттарда.,том передал мне свои деньги.,4,6,28,28,1.0,1.5
Сотору Күн Дьөһөгөй оҕолоро кэлэр.,скоро придут дети солнечного божества.,5,6,34,38,1.1176470588235294,1.2
Ити мал сайын күндү буолуо.,эта вещь летом станет редкостью.,5,6,27,32,1.1851851851851851,1.2
Манна түүлээҕи күндүргэтэллэр.,здесь ценятся меха.,3,4,30,19,0.6333333333333333,1.3333333333333333
Хос электричествонан күндээрбит.,комната ярко освещена электричеством.,3,5,32,37,1.15625,1.6666666666666667
Поезд күннэри-түүннэри айанныыр.,"поезд идёт и днём, и ночью.",3,8,32,27,0.84375,2.6666666666666665
Күннээҕи үтүө сонно ааһар.,сделанное мимоходом тут же забывается.,4,6,26,38,1.4615384615384615,1.5
Күнүүлээтэххэ түүн уһун.,"когда ревнуешь, ночь длинна.",3,6,24,28,1.1666666666666667,2.0
Эрин күнүүлүүр.,она ревнует своего мужа.,2,5,15,24,1.6,2.5
Том доҕорун күнүүлүү санаата.,том позавидовал своему другу.,4,5,29,29,1.0,1.25
Өссө биир күннээхпин.,у меня есть ещё день.,3,6,21,21,1.0,2.0
Бүгүн аппын сынньаттым.,сегодня я дал своей лошади отдохнуть.,3,7,23,37,1.608695652173913,2.3333333333333335
Сынньыынан кими да туохха да үөрэтиэҥ суоҕа.,побоями никого ничему не научишь.,7,6,44,33,0.75,0.8571428571428571
Быһаҕым биитин тимиргэ сынтарыттым.,я затупил свой нож о железо.,4,7,35,28,0.8,1.75
Бу таҥас кинини сонотор.,эта одежда его полнит.,4,5,24,22,0.9166666666666666,1.25
"Аҥара күрдьэх маһа, аҥара таҥара маһа.","одна половина годится для лопаты, другая — для иконы.",6,11,38,53,1.394736842105263,1.8333333333333333
"Аҥара күрдьэх маһа, аҥара таҥара маһа.",хорошее и плохое соседствуют друг с другом.,6,8,38,43,1.131578947368421,1.3333333333333333
"Ат көһүннэҕинэ, ыҥыыр көстүө, быһах көһүннэҕинэ, кыын көстүе.","будет конь — найдётся и седло, будет нож — найдутся и ножны.",8,14,61,60,0.9836065573770492,1.75
Тарбахтарым көһүйдүлэр.,у меня окоченели пальцы.,2,5,23,24,1.0434782608695652,2.5
Көхсүм көһүйдэ.,у меня спина онемела.,2,5,15,21,1.4,2.5
Көхтөөхтүк ыллыыллар.,они поют слаженно.,2,4,21,18,0.8571428571428571,2.0
Көхтөөхтүк үлэлээтибит.,мы работали дружно.,2,4,23,19,0.8260869565217391,2.0
Көхтөөхтүк үлэлээтибит.,мы работали споро.,2,4,23,18,0.782608695652174,2.0
Сон сиигинэн көтүлүннэ.,пальто распоролось по швам.,3,5,23,27,1.173913043478261,1.6666666666666667
Оҕону көтөх.,посади ребёнка себе на колени.,2,6,12,30,2.5,3.0
Өрө көтөҕүллүбүт.,он в приподнятом настроении.,2,5,17,28,1.6470588235294117,2.5
Илин атаххыт ибирэ суох буоллун!,пусть ваши ноги не встретят никаких препятствий!,5,8,32,48,1.5,1.6
Ибис-иккиэйэх олоробут.,мы живём только вдвоём.,2,5,23,23,1.0,2.5
Бу кыргыттар игирэлии маарыннаһаллар.,"эти девочки похожи, как близнецы.",4,7,37,33,0.8918918918918919,1.75
Идэлээҕи кытта олоруоҥ — идэлээх буолуоҥ.,с мастером поживёшь — мастером станешь.,6,7,41,39,0.9512195121951219,1.1666666666666667
Миигин идэһэлэнэр санаалаах.,он намерен расправиться со мной.,3,6,28,32,1.1428571428571428,2.0
"Ии, итини кыайыам дуо?","увы, разве я справлюсь с этим?",4,8,22,30,1.3636363636363635,2.0
Иибэр-сиибэр самыыр ибиирдиир.,временами моросит дождь.,3,4,30,24,0.8,1.3333333333333333
Киһи мантан тугу да иилэн ылыа суох.,из него ничего путного не выйдет.,7,7,36,33,0.9166666666666666,1.0
Доҕоро эппитин иилэ хабан ылла.,он сразу подхватил сказанное его приятелем.,5,7,31,43,1.3870967741935485,1.4
Илин арҕаа диэккиттэн куораты иилии хайа курдуур.,с востока и запада город опоясан горами.,7,8,49,40,0.8163265306122449,1.1428571428571428
Сабы иилиһиннэримэ.,не путай нитки.,2,4,19,15,0.7894736842105263,2.0
Бөһүөлэги тула хайа иилиир.,посёлок окружают горы.,4,4,27,22,0.8148148148148148,1.0
"Барбыт буоллаҕына, төннөөр.","если он уехал, ты возвращайся назад.",3,8,27,36,1.3333333333333333,2.6666666666666665
"Эбэтэр киһи буол, эбэтэр кии буол.","или будь человеком, или превратись в навоз.",6,9,34,43,1.2647058823529411,1.5
"Эбэтэр киһи буол, эбэтэр кии буол.","или грудь в крестах, или голова в кустах.",6,10,34,41,1.2058823529411764,1.6666666666666667
Аан дойдуга араас событиелар буолаллар.,в мире происходят разные события.,5,6,39,33,0.8461538461538461,1.2
Күһүн-саас тоҥоруулар буолаллар.,весной и осенью бывают заморозки.,3,6,32,33,1.03125,2.0
Бу улахан ситиһии буолар.,это — большой успех.,4,5,25,20,0.8,1.25
Итинник буолбат буол.,никогда больше не поступай так.,3,6,21,31,1.4761904761904763,2.0
Оннук эрэ буоллун!,пусть будет только так!,3,5,18,23,1.2777777777777777,1.6666666666666667
Оннук эрэ буолбатын!,только бы не это!,3,5,20,17,0.85,1.6666666666666667
Оннук эрэ буолбатын!,только бы этого не случилось!,3,6,20,29,1.45,2.0
Сылдьар буолуҥ.,захаживайте к нам.,2,4,15,18,1.2,2.0
Сылдьар буолуҥ.,заходите к нам почаще.,2,5,15,22,1.4666666666666666,2.5
Ыарыһах аһаабыта буолла.,"больной сделал вид, что ест.",3,7,24,28,1.1666666666666667,2.3333333333333335
Өһүргэммитэ буола-буола!,он ещё обижается!,2,4,24,17,0.7083333333333334,2.0
Кини барбыта ыраатта буолбат дуо.,он ведь давным-давно уехал.,5,5,33,27,0.8181818181818182,1.0
Аны миигин билбэккит буолаарай?,"может, и меня не знаете, а?",4,9,31,27,0.8709677419354839,2.25
Манна Том саамай кутталлахыт киһи буолаарай.,"наверное, том здесь самый опасный человек.",6,8,44,42,0.9545454545454546,1.3333333333333333
Кутталыттан кута ыстанна.,от испуга у него душа в пятки ушла.,3,9,25,35,1.4,3.0
"Куттар хороммот, бастар бараммат.","льёшь - не убавляется, черпаешь - не кончается.",4,10,33,47,1.4242424242424243,2.5
Кини миигин олус куттаата.,он меня очень напугал.,4,5,26,22,0.8461538461538461,1.25
Абааһыны хаххан баһынан куттаабыкка дылы.,"это всё равно, что пугать чёрта головой филина.",5,10,41,47,1.146341463414634,2.0
Куттаҕас алдьархайы улаатыннарар.,трус преувеличивает опасность.,3,4,33,30,0.9090909090909091,1.3333333333333333
Куттаҕас алдьархайы улаатыннарар.,трус умножает опасность.,3,4,33,24,0.7272727272727273,1.3333333333333333
Кутталыгар кута куртаҕар түстэ.,от страха у него душа ушла в пятки.,4,9,31,35,1.1290322580645162,2.25
Күөл мууһа кутталламмыт.,лёд на озере стал опасно тонким.,3,7,24,32,1.3333333333333333,2.3333333333333335
Ыарыыта кутталламмыт.,его болезнь становится угрожающей.,2,5,21,34,1.619047619047619,2.5
Ыарыыта кутталламмыт.,её болезнь становится угрожающей.,2,5,21,33,1.5714285714285714,2.5
Куттамсахха турбут барыта тойон.,трусу всяк господин.,4,4,32,20,0.625,1.0
"Тэҥсик куттаммат, кэлбит килбигийбэт.","гонец не боится, прибывший не стесняется.",4,8,37,41,1.1081081081081081,2.0
"Тэҥсик куттаммат, кэлбит килбигийбэт.","для него важнее дело, из-за которого он прибыл.",4,10,37,47,1.2702702702702702,2.5
Куттас үйэтигэр сүүстэ өлөр.,трус в жизни сто раз умирает.,4,7,28,29,1.0357142857142858,1.75
Куттас бэйэтин күлүгүттэн куттанар.,трус и собственной тени боится.,4,6,35,31,0.8857142857142857,1.5
Кэччэгэй кутуйах кутуругар кэмнээн аһыыр.,"скупой ест, измеряя длиной мышиного хвоста.",5,8,41,43,1.048780487804878,1.6
Оннооҕор кутуйах хаһаастаах.,даже у мыши свои запасы есть.,3,7,28,29,1.0357142857142858,2.3333333333333335
Кумах суолга кутулунна.,дорога засыпана песком.,3,4,23,23,1.0,1.3333333333333333
Дьон хоско кутуллан киирдилэр.,люди заполнили комнату.,4,4,30,23,0.7666666666666667,1.0
Кутургуйа таптаабыт сиригэр тахсар.,"чирей вскакивает, где ему вздумается.",4,7,35,37,1.0571428571428572,1.75
Концерт кутуругун эрэ баттаатым.,я застал только конец концерта.,4,6,32,31,0.96875,1.5
Куһаҕан кутуруктаах.,плохое имеет свои последствия.,2,5,20,30,1.5,2.5
Куһаҕан кутуруктаах.,плохое бывает с хвостом.,2,5,20,24,1.2,2.5
Барар үһүгүн.,тебе велят идти.,2,4,13,16,1.2307692307692308,2.0
Кини буолуо уонна ким үһү.,"наверняка он, а кто же ещё.",5,8,26,27,1.0384615384615385,1.6
Диибин үһү!,говорю же!,2,3,11,10,0.9090909090909091,1.5
Билэллэр үһүө.,вряд ли они узнают.,2,5,14,19,1.3571428571428572,2.5
Аны кэлэн булар үһүбүөн.,теперь-то едва ли найду.,4,5,24,24,1.0,1.25
Албынныыр үһүө?,неужели обманет?,2,3,15,16,1.0666666666666667,1.5
Үһүөйэх киһи.,их всего лишь трое.,2,5,13,19,1.4615384615384615,2.5
Саҥа доҕордооҕор эргэ доҕор ордук.,старый друг лучше нового.,5,5,34,25,0.7352941176470589,1.0
Ыппын доҕор оҥостон олоробун.,собака разделяет моё одиночество.,4,5,29,33,1.1379310344827587,1.25
"Доҕор, хантан иһэҕин?","друг, откуда идёшь?",3,5,21,19,0.9047619047619048,1.6666666666666667
Туох сүрдээх этиҥэй доҕор?,что за страшный гром?,4,5,26,21,0.8076923076923077,1.25
Мин көрөн туруом суоҕа доҕор!,"ну, я ему спуску не дам!",5,8,29,24,0.8275862068965517,1.6
Ким билэр доҕор!,а кто его знает!,3,5,16,16,1.0,1.6666666666666667
"О, сор эбит доҕоор!","ох, что за наказание!",4,6,19,21,1.105263157894737,1.5
Бэйи доҕор!,ну погоди!,2,3,11,10,0.9090909090909091,1.5
Бэйи доҕор!,ну постой!,2,3,11,10,0.9090909090909091,1.5
Дьэ бэрт доҕор!,надо же быть такому!,3,5,15,20,1.3333333333333333,1.6666666666666667
Дьэ бэрт доҕор!,поди ж ты!,3,4,15,10,0.6666666666666666,1.3333333333333333
Ким доҕордоох — ол дьоллоох.,"кто имеет друзей, тот счастлив.",5,7,28,31,1.1071428571428572,1.4
Эйэҕэс киһи үгүс доҕордоох.,добрый человек имеет много друзей.,4,6,27,34,1.2592592592592593,1.5
Баай дьадыҥыны кытта доҕордоспот.,богатый с бедным не дружит.,4,6,33,27,0.8181818181818182,1.5
Илиитин итии чаанньыкка даҕайда.,он дотронулся рукой до горячего чайника.,4,7,32,40,1.25,1.75
Диэмэ даҕаны!,и не говори!,2,4,13,12,0.9230769230769231,2.0
Буолумуна даҕаны.,"конечно, так и должно быть.",2,7,17,27,1.588235294117647,3.5
Даҕаспытынан таҕыстылар.,они вышли следом друг за другом.,2,7,24,32,1.3333333333333333,3.5
Маны оҥорор дөбөҥ.,сделать это нетрудно.,3,4,18,21,1.1666666666666667,1.3333333333333333
Тымныйдахха ыалдьар дөбөҥ.,простудишься — заболеть легко.,3,5,26,30,1.1538461538461537,1.6666666666666667
Мантан куоракка тиийэр дөбөҥ.,отсюда скорее можно добраться до города.,4,7,29,40,1.3793103448275863,1.75
Үлэтин дөбөҥнүк бүтэрбит.,он быстро закончил свою работу.,3,6,25,31,1.24,2.0
Дөрүн-дөрүн сылдьар.,он приходит изредка.,2,4,20,20,1.0,2.0
Дөрүн-дөрүн сөтөллөр.,он покашливает.,2,3,21,15,0.7142857142857143,1.5
Бигэтик эрэн.,твёрдо надейся.,2,3,13,15,1.1538461538461537,1.5
Бигэтик иҥиннэр.,закрепи это прочно.,2,4,16,19,1.1875,2.0
Уһун бытыктара бигиир функцияны толороллор.,длинные усики рака выполняют осязательную функцию.,5,7,43,50,1.1627906976744187,1.4
Дуохтуур ыарыһах хоругун бигээн көрдө.,доктор пощупал пульс больного.,5,5,38,30,0.7894736842105263,1.0
Бөрө бидилгэҕи хабан өллө.,волк проглотил спицу с наживкой и сдох.,4,8,26,39,1.5,2.0
Ат бидилгэхтиир хаара түспүт.,"снег выпал такой, что лошадь вязнет.",4,8,29,36,1.2413793103448276,2.0
Быһах биилэннэ.,нож стал острым.,2,4,15,16,1.0666666666666667,2.0
Уолбут биирэ.,нашему сыну годик.,2,4,13,18,1.3846153846153846,2.0
Биир ылбайы сэттэтэ уоппукка дылы.,"это всё равно, что одного малька на семь частей делить.",5,12,34,55,1.6176470588235294,2.4
Кинилэр таҥастара биир.,у них одинаковая одежда.,3,5,23,24,1.0434782608695652,1.6666666666666667
Биир тылынан эттэххэ ити барыта сыыһа оҥоһуллубут.,"короче говоря, всё это сделано неверно.",7,8,50,39,0.78,1.1428571428571428
Итэҕэстэр бааллара биир үксүн итинэн быһаарыллар.,наличие недостатков во многом объясняется этим.,6,7,49,47,0.9591836734693877,1.1666666666666667
"Биирдэ баран эттэххэ, кини хайдаҕа да миэхэ син биир.","откровенно говоря, мне безразлично, какой он есть.",9,10,53,50,0.9433962264150944,1.1111111111111112
"Биирдэ санаатахха, ол эмиэ даҕаны сөптөөх курдук.","впрочем, и это тоже как будто правильно.",7,9,49,40,0.8163265306122449,1.2857142857142858
"Биириһинэн, үөрэҕэр үчүгэй, иккиһинэн, үчүгэй общественник.","во-первых, он хорошо учится, во-вторых, хороший общественник.",6,11,59,61,1.0338983050847457,1.8333333333333333
"Биириһинэн, үөрэҕэр үчүгэй, иккиһинэн, үчүгэй общественник.","во-первых, она хорошо учится, во-вторых, хороший общественник.",6,11,59,62,1.0508474576271187,1.8333333333333333
Сир үрдүгэр араас биистэр уонна норуоттар олороллор.,на земле живут разные племена и народности.,7,8,52,43,0.8269230769230769,1.1428571428571428
Бу дойдуга куобах бииһээбит дойдута.,в этой местности расплодились зайцы.,5,6,36,36,1.0,1.2
Илини арҕааны билбэт.,"он не различает, где восток, где запад.",3,10,21,39,1.8571428571428572,3.3333333333333335
"Билэҕин дуо, мин онно барыахпын оччо баҕарбаппын ээ.","знаешь, мне не очень хочется туда пойти.",8,9,52,40,0.7692307692307693,1.125
Оҕонньор билгэтинэн сотору атыыр ардах буолуохтаах.,"по приметам стариков, скоро пойдёт ливень.",6,8,51,42,0.8235294117647058,1.3333333333333333
Күөл уута билгэйбит.,вода переполнила озеро.,3,4,20,23,1.15,1.3333333333333333
Симиир кымыһынан билгэйбит.,кожаный мех полон кумыса.,3,5,27,25,0.9259259259259259,1.6666666666666667
Симиир кымыһынан билгэйбит.,бурдюк полон кумыса.,3,4,27,20,0.7407407407407407,1.3333333333333333
Кырдьаҕастарга күнү дьылы билгэлэтий.,а ты попроси стариков предсказать погоду.,4,7,37,41,1.1081081081081081,1.75
Били киһибит ханна тиийдэ?,куда же делся тот человек?,4,6,26,26,1.0,1.5
Били хонууга кэллибит.,мы пришли на ту самую поляну.,3,7,22,29,1.3181818181818181,2.3333333333333335
"Били, мин оччоҕо барыахтаах этим дии.","помнишь, я тогда должен был ехать.",6,8,37,34,0.918918918918919,1.3333333333333333
Билигин эрэ көрдүм бу киһини.,я только теперь увидел этого человека.,5,7,29,38,1.3103448275862069,1.4
Саха сирин алмааһа аан дойдуга билиннэ.,алмазы якутии стали известны всему миру.,6,7,39,40,1.0256410256410255,1.1666666666666667
"Биллэн турар, эн итиниэхэ сөбүлэспэккин.","разумеется, ты на это не согласишься.",5,8,40,37,0.925,1.6
"Биллэн турар, сааһын билбэтэ.","известное дело, он возраст свой не знал.",4,9,29,40,1.3793103448275863,2.25
Билиннэххэ хайата да куһаҕан.,"признаться, и то, и другое плохо.",4,9,29,33,1.1379310344827587,2.25
Ити дьону билитэлиибин.,я знаю всех этих людей.,3,6,23,23,1.0,2.0
Киинэҕэ билиэт бүппүт.,билеты в кино кончились.,3,5,22,24,1.0909090909090908,1.6666666666666667
Оҕолор ууну кэһэн биллиргэттилэр.,ребята шумно брели по воде.,4,6,33,27,0.8181818181818182,1.5
Ити туох биллиргиирий?,что это там булькает?,3,5,22,21,0.9545454545454546,1.6666666666666667
"Биллэр, миэхэ үтүөнү санаабат.","известное дело, он мне добра не желает.",4,9,30,39,1.3,2.25
Түргэнник биллэрбэхтээ.,сообщи об этом поскорее.,2,5,23,24,1.0434782608695652,2.5
Билбэт аата билээҕимсийэр.,"он ничего не знает, но выдаёт себя за знатока.",3,11,26,46,1.7692307692307692,3.6666666666666665
Биһиги спортсмеммыт бириистээх миэстэҕэ таҕыста.,наш спортсмен занял призовое место.,5,6,48,35,0.7291666666666666,1.2
Күүлэйдииригэр бириэмэлээх.,у него есть время для прогулок.,2,7,27,31,1.1481481481481481,3.5
"Бирээмэ, киһини сүгүн олорпот.",он прямо-таки не даёт человеку спокойно посидеть.,4,8,30,49,1.6333333333333333,2.0
Соҥҥун кырааскаҕа биспиккин.,ты своё пальто испачкал краской.,3,6,28,32,1.1428571428571428,2.0
Барыта биһигиттэн бэйэбититтэн тутулуктаах.,всё зависит от нас самих.,4,6,43,25,0.5813953488372093,1.5
Биһиги дьыалабыт кырдьыктаах.,наше дело правое.,3,4,29,17,0.5862068965517241,1.3333333333333333
"Ыл, биирдэ омуртар!","ну, дай мне раз глотнуть!",3,7,19,25,1.3157894736842106,2.3333333333333335
"Ылыҥ, көрдөрүҥ.","давайте, покажите.",2,4,15,18,1.2,2.0
Барыахтарыттан ыла сылдьыбатах.,"с тех пор, как они уехали, он не заходил.",3,12,31,41,1.3225806451612903,4.0
Итиннэ ылбычча киһи соруммат.,не всякий осмелится взяться за это.,4,7,29,35,1.206896551724138,1.75
Ырыата ылланна.,его песенка спета.,2,4,15,18,1.2,2.0
Ылбайга быһахтаммыкка дылы.,как с ножом на малька.,3,6,27,22,0.8148148148148148,2.0
Ылбайга быһахтаммыкка дылы.,стрелять из пушки по воробьям.,3,6,27,30,1.1111111111111112,2.0
Ааннарын саппат буолла.,он часто ходит к ним.,3,6,23,21,0.9130434782608695,2.0
Ааннарын саппат буолла.,он часто посещает их.,3,5,23,21,0.9130434782608695,1.6666666666666667
Ааннарын саппат буолла.,он и не закрывает их дверь.,3,7,23,27,1.173913043478261,2.3333333333333335
Бүтэйи киэҥ ааннааҥ.,сделайте в изгороди широкие ворота.,3,6,20,35,1.75,2.0
Аанньа киһи итинник буолбат.,порядочный человек таким не бывает.,4,6,28,35,1.25,1.5
Бу хайа аанньа үлэний?,разве это хорошая работа?,4,5,22,25,1.1363636363636365,1.25
Аанньаҕа кэлбэтэҕэ буолуо.,"он, вероятно, пришёл с недобрыми намерениями .",3,9,26,46,1.7692307692307692,3.0
Киһи ыйыппытын аанньа эттэҕэ.,"он сказал только потому, что его спросили.",4,9,29,42,1.4482758620689655,2.25
Сыппытым аанньа сытан барабын.,лежу и не хочу вставать.,4,6,30,24,0.8,1.5
Сыппытым аанньа сытан барабын.,"как лежал, так и хочется лежать.",4,8,30,32,1.0666666666666667,2.0
Өссө аанньалаах үлэни үлэлээбэтим.,я ещё ничего путного не сделал.,4,7,34,31,0.9117647058823529,1.75
Аанньата суох үлэһит.,он неважный работник.,3,4,21,21,1.0,1.3333333333333333
Ааттаспыт киһи аам-дьаамы кытыарар.,человек уговорами объединяет даже разрозненное.,4,6,35,47,1.3428571428571427,1.5
Ыскааптааҕы кинигэлэри ким аамайдаата?,кто перепутал книги в шкафу?,4,6,38,28,0.7368421052631579,1.5
Сүөһүнү аамайдаама.,не разгоняй скот.,2,4,19,17,0.8947368421052632,2.0
Ааттаспыт аалы көтөҕөр.,мольбой человек и плот с места сдвигает.,3,8,23,40,1.7391304347826086,2.6666666666666665
Аалын баһа хоҥнон биэрбэт.,нос его лодки никак не сдвигается.,4,7,26,34,1.3076923076923077,1.75
Аалын баһа хоҥнон биэрбэт.,он медлит.,4,3,26,10,0.38461538461538464,0.75
Аалын баһа хоҥнон биэрбэт.,он мешкает.,4,3,26,11,0.4230769230769231,0.75
"Аал уоту отун, иэримэ дьиэни тэрин.","обзаведись уютным домом, разведи неугасаемый огонь.",6,8,35,51,1.457142857142857,1.3333333333333333
Ааллахха оннооҕор тимиртэн арыы тахсар.,"если усердно тереть, то даже и на железе появляется масло.",5,12,39,58,1.4871794871794872,2.4
Томын хараҕын аалларар.,он терпеть не может тома.,3,6,23,25,1.0869565217391304,2.0
Уулуссаҕа дьон ааллаһаллар.,на улице толпится народ.,3,5,27,24,0.8888888888888888,1.6666666666666667
Бииргэ аалсан олоробут.,мы живём в тесном общении.,3,6,23,26,1.1304347826086956,2.0
Сылгы маска аалынар.,лошадь трётся о дерево.,3,5,20,23,1.15,1.6666666666666667
Быһаҕын аалынар.,он подтачивает свой нож.,2,5,16,24,1.5,2.5
Быһа аалыллыбыт.,верёвка перетёрлась.,2,3,16,20,1.25,1.5
Халлаан сулуһун аахпыкка дылы.,"это всё равно, что пытаться сосчитать звёзды на небе.",4,11,30,53,1.7666666666666666,2.75
Кинини үчүгэй үлэһитинэн ааҕаллар.,его считают хорошим работником.,4,5,34,31,0.9117647058823529,1.25
Бэркэ аахайан иһиттилэр.,они слушали с большим вниманием.,3,6,24,32,1.3333333333333333,2.0
"Үрдэр антах, өҕүрүйдэр бэттэх.","выдохнешь — он туда, вдохнёшь — он сюда.",4,10,30,40,1.3333333333333333,2.5
Тугу үрэҕин?,что ты лаешься?,2,4,12,15,1.25,2.0
Ыт кустары үргүттэ.,собака вспугнула уток.,3,4,19,22,1.1578947368421053,1.3333333333333333
Аҕыс үүдэһиним араҕыста.,"я от усталости без рук, без ног.",3,9,24,32,1.3333333333333333,3.0
Аҕыс үүдэһиним араҕыста.,восемь моих связок разошлись.,3,5,24,29,1.2083333333333333,1.6666666666666667
Саа хайдыбыт маһа ньаалбаанынан үүйүллүбүт.,расколотое ложе ружья скреплено жестью.,5,6,43,39,0.9069767441860465,1.2
Оҕолор ийэлэрин үүйэ-хаайа туттулар.,дети с просьбами окружили мать.,4,6,36,31,0.8611111111111112,1.5
Ыар санаалар үүйэ-хаайа туталлар.,его охватили тяжёлые думы.,4,5,33,26,0.7878787878787878,1.25
Элбэх специалиһы үүннэрдэ.,он вырастил многих специалистов.,3,5,26,32,1.2307692307692308,1.6666666666666667
Тайҕаҕа куораты үүннэрдибит.,мы воздвигли город в тайге.,3,6,28,27,0.9642857142857143,2.0
Куораты күөх үүнээйи киэргэтэр.,зелень украшает город.,4,4,31,22,0.7096774193548387,1.0
Ыт тайаҕы үүрдэ.,собака погналась за лосем.,3,5,16,26,1.625,1.6666666666666667
Хараҕын үүтэ көстүбэт буолла.,он разгневался.,4,3,29,15,0.5172413793103449,0.75
Хараҕын үүтэ көстүбэт буолла.,он вышел из себя.,4,5,29,17,0.5862068965517241,1.25
Кыыс үүт-үкчү ийэтин курдук.,девочка — вылитая мать.,4,5,28,23,0.8214285714285714,1.25
Остуол атаҕа оодьоччу барбыт.,ножки стола покосились.,4,4,29,23,0.7931034482758621,1.0
"Оок-сиэ, кэрэ да дойду!","о, какая прекрасная страна!",4,6,23,27,1.173913043478261,1.5
"Оок-сиэ, итини сатаабаккын дуо?","ну, неужели ты не можешь этого?",4,8,31,31,1.0,2.0
"Оок-сиэ, мээнэттэн даҕаны соһуйбуппун!","эх, я, оказывается, испугался такого пустяка!",4,10,38,45,1.1842105263157894,2.5
"Ооккобун, тоҥмутун даа!","деточка моя, как она замерзла!",3,7,23,30,1.3043478260869565,2.3333333333333335
Оонньуура кырдьыга биллибэт.,шутит он или всерьёз — непонятно.,3,7,28,33,1.1785714285714286,2.3333333333333335
Киһи бөҕө эбиккин.,"оказывается, ты ужасный человек.",3,6,18,32,1.7777777777777777,2.0
Хаһыы бөҕөнү түһэрдэ.,он орал во всё горло.,3,6,21,21,1.0,2.0
Эрэй бөҕөнөн аҕаллым.,я с большим трудом принёс это.,3,7,21,30,1.4285714285714286,2.3333333333333335
"Дьэ, кавалер бөҕө!",ну и кавалер!,3,4,18,13,0.7222222222222222,1.3333333333333333
"Биэрдэхтэринэ, ылан бөҕө.","если дадут, я возьму с удовольствием.",3,8,25,37,1.48,2.6666666666666665
Барсан бөҕө.,я охотно пойду с вами.,2,6,12,22,1.8333333333333333,3.0
Өрөмүөн кэнниттэн күргэ бөҕөргөөбүт.,после ремонта мост стал прочным.,4,6,36,32,0.8888888888888888,1.5
Кини балаһыанньата бөҕөргөөтө.,его положение укрепилось.,3,4,30,25,0.8333333333333334,1.3333333333333333
Кыайыахпыт диэн бөҕөхпүн.,"я уверен, что мы победим.",3,7,25,25,1.0,2.3333333333333335
"Наһаа айманыма, бөҕөхсүй.","слишком не горюй, крепись.",3,6,25,26,1.04,2.0
Илиим бөҕүөрдэ.,у меня закоченели руки.,2,5,15,23,1.5333333333333334,2.5
Дьиэ бөҕүрбүт.,в доме насорено.,2,4,14,16,1.1428571428571428,2.0
Оҕонньор кырдьан бөкчөйбүт.,старик от старости сгорбился.,3,5,27,29,1.0740740740740742,1.6666666666666667
Сүөһү барыта күлүккэ бөлүөхпүт.,весь скот скучился в тени.,4,6,31,26,0.8387096774193549,1.5
Болуоссакка дьон бөҕө бөлүөхсүбүт.,на площади столпилось множество людей.,4,6,34,38,1.1176470588235294,1.5
Бөлүүн хаар түспүт.,ночью выпал снег.,3,4,19,17,0.8947368421052632,1.3333333333333333
Бөлүүҥҥү түүлүм өйбүттэн-санаабыттан арахсыбат.,увиденный ночью сон не выходит у меня из головы.,4,10,47,48,1.0212765957446808,2.5
Бөппүрүөктэһэн тыл тылларыгар киирсибэтилэр.,они оба заупрямились и не нашли общего языка.,4,9,44,45,1.0227272727272727,2.25
Аҕам биир бөрөлөөх.,мой отец принёс с охоты волка.,3,7,19,30,1.5789473684210527,2.3333333333333335
"Булчуттары кытта бөрөлөһөн, икки бөрөнү өлөрдүм.",я вместе с охотниками охотился на волков и убил двух.,6,11,48,53,1.1041666666666667,1.8333333333333333
Хайдах эмэ бөрөөн үлэбин бүтэрдэрбин.,надо бы мне как-нибудь закончить свою работу.,5,8,37,45,1.2162162162162162,1.6
Хайдах эмэ бөрөөн үлэбин бүтэрдэрбин.,надо бы мне уж закруглиться.,5,6,37,28,0.7567567567567568,1.2
Ыт бөрөнү кытта сырыттаҕына бөрөтүйэр.,"собака, находясь с волком, становится волком.",5,9,38,45,1.1842105263157894,1.8
Остуол анныгар хара ыт бөскөйө сытар.,под столом лежит толстая чёрная собака.,6,7,37,39,1.054054054054054,1.1666666666666667
Бачча бөтөс үлэни үлэлээбэт буолуо дуо!,такой удалец разве не будет работать!,6,7,39,37,0.9487179487179487,1.1666666666666667
Оҕолор бөтүөхтэспитинэн дьиэҕэ көтөн түстүлэр.,"ребята, запыхавшись, ворвались в дом.",5,8,46,37,0.8043478260869565,1.6
Оҕо ытаан бөтүөхтээтэ.,"ребёнок заплакал, глубоко всхлипывая.",3,6,22,37,1.6818181818181819,2.0
Эт бөһүйэн ирэр.,мясо оттаивает и становится мягким.,3,6,16,35,2.1875,2.0
Эти бөһүтэн баран эттээ.,"мясо сначала оттаивай, а потом руби.",4,8,24,36,1.5,2.0
"Чэ, түксү бөтүөхтээмэ!","ну, перестань вздыхать!",3,5,22,23,1.0454545454545454,1.6666666666666667
Былыт уутуйбут.,нависли дождевые тучи.,2,4,15,22,1.4666666666666666,2.0
Былыт уутуйбут.,тучи наполняются дождём.,2,4,15,24,1.6,2.0
Быйыл саһыл үчү-гэйдик ууһаата.,в этом году расплодились лисицы.,4,6,31,32,1.032258064516129,1.5
Атым уурастаата.,мой конь заупрямился.,2,4,16,21,1.3125,2.0
Уустугур-дар уустугуран иһэр.,техника всё более совершенствуется.,3,5,29,35,1.206896551724138,1.6666666666666667
Элбэхтик үлэлиибин диэн үҥсэргиир.,"он сетует, что много работает.",4,7,34,30,0.8823529411764706,1.75
Суукка үҥээччи быһыытынан эттэ.,он выступил в суде в качестве истца.,4,8,31,36,1.1612903225806452,2.0
Сон сиэх-тэрэ унньу-санньы тигиллибиттэр.,рукава пальто сшиты неаккуратно.,4,5,41,32,0.7804878048780488,1.25
Сон сиэх-тэрэ унньу-санньы тигиллибиттэр.,один рукав пальто короче другого.,4,6,41,33,0.8048780487804879,1.5
Ыт боруокка унньуйан сытар.,собака вытянулась у порога.,4,5,27,27,1.0,1.25
Том унньу-санньы үлэлиир.,том работает вяло.,3,4,25,18,0.72,1.3333333333333333
Ырбаахыта сиринэн унньулуйар.,её платье волочится по земле.,3,6,29,29,1.0,2.0
Мария хоһоону үчүгэйдик ааҕааччы.,мария хорошо читает стихи.,4,5,33,26,0.7878787878787878,1.25
Быйыл сурунаал элбэх ааҕааччыламмыт.,в этом году журнал приобрёл много читателей.,4,8,36,44,1.2222222222222223,2.0
Сүөһү барыта ааҕылынна.,весь скот пересчитан.,3,4,23,21,0.9130434782608695,1.3333333333333333
Бу хаһаайыстыба табата тыһыынчанан ааҕыллар.,олени этого хозяйства исчисляются тысячами.,5,6,44,43,0.9772727272727273,1.2
Том бастыҥ үлэһитинэн ааҕыллар.,том считается лучшим работником.,4,5,31,32,1.032258064516129,1.25
Том харчытын ааҕынна.,том сосчитал свои деньги.,3,5,21,25,1.1904761904761905,1.6666666666666667
Том күүстэҕинэн ааҕынар.,том считает себя силачом.,3,5,24,25,1.0416666666666667,1.6666666666666667
Сыгынньах илиинэн ылыаҥ суоҕа.,его голыми руками не возьмёшь.,4,6,30,30,1.0,1.5
Тириини хоччорхойдуу имитиллибэт.,"кожу не мнут, не замочив.",3,7,33,25,0.7575757575757576,2.3333333333333335
Сэмэлээн кинини арай эн хотутуоҥ.,"его, пожалуй, только ты и проймёшь.",5,9,33,35,1.0606060606060606,1.8
Хараҕын уута саккырыыр.,у него слёзы текут ручьями.,3,6,23,27,1.173913043478261,2.0
Хараҕын уута саккырыыр.,у неё слёзы текут ручьями.,3,6,23,26,1.1304347826086956,2.0
От охсооччу киэһэнэн өссө сайынна.,косарь к вечеру ещё больше разошёлся.,5,7,34,37,1.088235294117647,1.4
Итинтэн барытыттан салгыы бөҕөнү салтым.,всё это мне ужасно надоело.,5,6,40,27,0.675,1.2
Кэбиһиилээх от саллайбыт.,стог сена слишком широк наверху.,3,6,25,32,1.28,2.0
Инчэҕэй этэрбэһинэн хааман саллырҕатар.,"он ходит, шлёпая мокрой обувью.",4,7,39,31,0.7948717948717948,1.75
Куруутун биири хатылыырыттан хайдах салгыбатый?,как ему не надоедает твердить одно и то же?,5,10,47,43,0.9148936170212766,2.0
Биир аһы аһыыртан салтым.,мне опостылела однообразная пища.,4,5,25,33,1.32,1.25
Балыгынан салҕанан олорбуттара.,"они сводили концы с концами, занимаясь рыбной ловлей.",3,10,31,53,1.7096774193548387,3.3333333333333335
Өҥөтөр бүгүн кэлээрэй.,"авось, сегодня он придёт.",3,6,22,25,1.1363636363636365,2.0
Эппит тылбын өһүлбэппин.,я не отступлюсь от сказанного слова.,3,7,24,36,1.5,2.3333333333333335
Эппит тылбын өһүлбэппин.,не отступлюсь от сказанного слова.,3,6,24,34,1.4166666666666667,2.0
Тоҕо өсөһөҕүн?,почему ты упрямишься?,2,4,14,21,1.5,2.0
Буруо өһөҕүрэн тахсар.,клубится густой тёмно-коричневый дым.,3,5,22,37,1.6818181818181819,1.6666666666666667
Суһуоҕа өһүллүбүт.,у неё косы расплелись.,2,5,18,22,1.2222222222222223,2.5
Күүһэ өһүллүбүт.,он ослаб.,2,3,16,9,0.5625,1.5
Күүһэ өһүллүбүт.,он потерял былую силу.,2,5,16,22,1.375,2.5
Өйө өһүллүбүт.,он ослаб умом.,2,4,14,14,1.0,2.0
Кинини өһүргэттиҥ.,ты его обидел.,2,4,18,14,0.7777777777777778,2.0
Биһиги диэки өҕүллүбэт.,он на нас не обращает внимания.,3,7,23,31,1.3478260869565217,2.3333333333333335
Тылым өҕүллүбэт.,у меня язык заплетается.,2,5,16,24,1.5,2.5
Тылым өҕүллүбэт.,у меня плохой выговор.,2,5,16,22,1.375,2.5
Тылым өҕүллүбэт.,язык не поворачивается.,2,4,16,23,1.4375,2.0
Кураанаҕынан өҕүтэр.,на пустой желудок тошнит.,2,5,20,25,1.25,2.5
Бу туох үөгүтэ турда?,что это за крик?,4,5,21,16,0.7619047619047619,1.25
Кутталыттан үөгүлээтэ.,он завопил от страха.,2,5,22,21,0.9545454545454546,2.5
Үөл мастан үөннээн сиэбит.,он из всего извлекает пользу.,4,6,26,29,1.1153846153846154,1.5
Үлэ соччо үөтэлээбэт.,работа не даёт видимых результатов.,3,6,21,35,1.6666666666666667,2.0
Үөхсүүлэрэ сүр-дэннэ.,они стали сильно браниться.,2,5,21,27,1.2857142857142858,2.5
Үөхсүү бөҕөнү тарта.,он принялся несусветно браниться.,3,5,20,33,1.65,1.6666666666666667
Манна кутуйах үөскээбит.,здесь развелись мыши.,3,4,24,21,0.875,1.3333333333333333
Ойуурдаах куобах охтубат.,заяц в лесу не пропадёт.,3,6,25,24,0.96,2.0
Чаһы уон иккини оҕуста.,часы пробили двенадцать.,4,4,23,24,1.0434782608695652,1.0
Массыына оҕунуоҕа суох үлэлээбэт.,даже машина без смазки не работает.,4,7,33,35,1.0606060606060606,1.75
Көбүөхтүү сытар.,"он лежит, тяжело дыша.",2,6,16,22,1.375,3.0
Көбүс-көннөрү кэллим.,я пришёл ни с чем.,2,6,21,18,0.8571428571428571,3.0
Көбүс-көннөрү кэллим.,я пришёл с пустыми руками.,2,6,21,26,1.2380952380952381,3.0
Илиибин өлөрбүтүм көҕөрбүт.,"я ушиб руку, и она посинела.",3,8,27,28,1.037037037037037,2.6666666666666665
Өһөс торбос моонньо быстар.,упрямой тёлке голову отрывают.,4,5,27,30,1.1111111111111112,1.25
"Икки чыычаах көтөөрү өгдөҥнөһөллөр, хайалара да көппөт.","две пташки пытаются взлететь, yes ни одна из них не взлетает.",7,13,55,61,1.1090909090909091,1.8571428571428572
Добуолуна үчүгэйдик сахалыы саҥарар.,он довольно хорошо разговаривает по-якутски.,4,6,36,44,1.2222222222222223,1.5
Былырыыҥгыттан манна дойдуланным.,здесь я осел с прошлого года.,3,7,33,29,0.8787878787878788,2.3333333333333335
Тоҕо эн олус долодуйаҕын?,что ты хорохоришься?,4,4,25,20,0.8,1.0
Сылтаҕа суох киһини мөхтөрүмэ.,не позволяй ругать человека без повода.,4,7,30,39,1.3,1.75
Миигин дэлби мөхтүлэр.,меня крепко отругали.,3,4,22,21,0.9545454545454546,1.3333333333333333
Киһи истэрин курдук саҥар.,"говори так, чтобы было слышно.",4,7,26,30,1.1538461538461537,1.75
Эппитиҥ курдук оҥордум.,"я сделал так, как ты сказал.",3,8,23,28,1.2173913043478262,2.6666666666666665
Ый курдук сынньанныбыт.,мы отдыхали примерно с месяц.,3,6,23,29,1.2608695652173914,2.0
Онно сыл курдук олорбуттар.,там они жили примерно год.,4,6,27,26,0.9629629629629629,1.5
"Уот сиэбитин, уу илпитин курдук.","словно уничтожено пожаром, унесено водой.",5,7,32,41,1.28125,1.4
Этиҥ тыаһын курдук тыас дэлби барда.,"раздался грохот, будто гром загремел.",6,7,36,37,1.0277777777777777,1.1666666666666667
Балыктыыр курдук үчүгэй сынньалаҥ суох.,"no лучшего отдыха, чем рыбалка.",5,7,39,31,0.7948717948717948,1.4
Бардар бара туруох курдук этэ.,"он, кажется, готов был всё идти и идти.",5,11,30,39,1.3,2.2
Санаабар наар кинилэри кытта сылдьар курдукпун.,мысленно я всё время будто с ними.,6,8,47,34,0.723404255319149,1.3333333333333333
Ол эйигиттэн ыйытыам дуо?,"а что, тебя буду спрашивать, yes",4,8,25,32,1.28,2.0
Ол туохтан куттанныгыт?,а чего это вы испугались?,3,6,23,25,1.0869565217391304,2.0
"Ол аата, дьэлликтииргин бырахтыҥ дуо?","значит, ты бросил бродяжничать?",5,6,37,31,0.8378378378378378,1.2
"Ол буолан баран, бу хартыынаҥ олус табыллыбыт.","однако же, эта картина у тебя очень удачная.",7,10,46,44,0.9565217391304348,1.4285714285714286
"Ол да буоллар, быйыл оҕуруот аһа лаппа үчүгэй буолар буолла.","несмотря на это, в этом году обещают хороший урожай овощей.",10,12,60,59,0.9833333333333333,1.2
"Ол иһин, эн төннөн кэлиэхтээх этиҥ.","вот то-то, ты должен был вернуться.",6,8,35,35,1.0,1.3333333333333333
"Чэ, ол иһин, сэрэйбит сэрэх.","ну конечно, так и предполагали.",5,7,28,31,1.1071428571428572,1.4
"Онон буоллаҕына, кини миэхэ суруйар суруга барыта сымыйа эбит.","следовательно, всё, что он пишет мне, оказывается неправдой.",9,12,62,60,0.967741935483871,1.3333333333333333
"Бүгүн барабын, онон бүтэр!",сегодня еду — и всё!,4,6,26,20,0.7692307692307693,1.5
Букатын умнубут курдуктар.,будто и совсем забыли (мы).,3,8,26,27,1.0384615384615385,2.6666666666666665
Том — лоп курдук тыллаах-өстөөх киһи.,"том — человек, чётко выражающий свои мысли.",6,9,37,43,1.162162162162162,1.5
Том — лоп курдук тыллаах-өстөөх киһи.,"том — человек, острый на язык.",6,8,37,30,0.8108108108108109,1.3333333333333333
Илин атах суолун кэлин атах сиппэт.,следы передних ног не догонят следов задних ног.,6,9,35,48,1.3714285714285714,1.5
Илин атах суолун кэлин атах сиппэт.,следы передних ног не догоняют следы задних.,6,8,35,44,1.2571428571428571,1.3333333333333333
Илин атах суолун кэлин атах сиппэт.,плохой человек не сравнится делами с хорошим.,6,8,35,45,1.2857142857142858,1.3333333333333333
Иннин тымтыктанан көрбүт суох.,"ещё никто не прозревал своего будущего, осветив его лучиной.",4,11,30,60,2.0,2.75
Кур бэйэтэ кубулуйбатах.,он с годами не меняется.,3,6,24,24,1.0,2.0
Кур бэйэтэ кубулуйбатах.,его прошлогодний вид не изменился.,3,6,24,34,1.4166666666666667,2.0
Хараҥаҕа уот сандаарда.,в темноте вспыхнул огонь.,3,5,23,25,1.0869565217391304,1.6666666666666667
"Сир Күнү тула, Сир аргыһа Сири тула эргийэр.","земля вращается вокруг солнца, спутник земли — вокруг земли.",8,11,44,60,1.3636363636363635,1.375
Урааҥхай аатыҥ кимий?,как твоё якутское имя?,3,5,21,22,1.0476190476190477,1.6666666666666667
Урааҥхай аатыҥ кимий?,как тебя зовут по-якутски?,3,5,21,26,1.2380952380952381,1.6666666666666667
Манна өһүргэниэххэ сир суох.,тут no основания для обиды.,4,6,28,27,0.9642857142857143,1.5
Манна өһүргэниэххэ сир суох.,тут не на что обижаться.,4,6,28,24,0.8571428571428571,1.5
"Үлэ элбэх , бүгүҥҥүттэн сир ыла туруохха.","работы много, надо хоть что-нибудь сделать уже сегодня.",7,10,41,55,1.3414634146341464,1.4285714285714286
Бу сиргэ урут сылдьыбытыҥ дуо?,ты бывал раньше в этих краях?,5,7,30,29,0.9666666666666667,1.4
Бирисээгэлээх сэтээтэллэр диэн кимнээхтэрий?,кто такие присяжные заседатели?,4,5,44,31,0.7045454545454546,1.25
Иһим хооһугур гынна.,у меня в животе заурчало.,3,6,20,25,1.25,2.0
Кинини хоҥноруоҥ суоҕа.,его и с места не сдвинешь.,3,7,23,26,1.1304347826086956,2.3333333333333335
Туйах тыаһа хоочугур гынна.,снег скрипнул под копытами.,4,5,27,27,1.0,1.25
Өлүөнэ — Саха сирин хорук тымыра.,лена — водная артерия якутии.,6,6,33,29,0.8787878787878788,1.0
Күнү быһа дьиэтин таһыгар хорулуйан тахсар.,он целый день хлопочет возле дома.,6,7,43,34,0.7906976744186046,1.1666666666666667
Маскын хороччу тут.,держи палку вертикально.,3,4,19,24,1.263157894736842,1.3333333333333333
Уолум хороччу улааппыт.,мой сын уже вырос.,3,5,23,18,0.782608695652174,1.6666666666666667
Хор ол курдук буолар.,так-то вот и бывает.,4,5,21,20,0.9523809523809523,1.25
Чаанньык хаппаҕын хоппот.,приподними крышку чайника.,3,4,25,26,1.04,1.3333333333333333
Том бу дьаһалы толорортон туура аккаастанна.,том наотрез отказался выполнить это распоряжение.,6,7,44,49,1.1136363636363635,1.1666666666666667
"Тумсун тууһун, айаҕын абатын!",что за ядовитая насмешка!,4,5,29,25,0.8620689655172413,1.25
Түбэ биллибэт дьыала.,этот вопрос до конца не выяснен.,3,7,21,32,1.5238095238095237,2.3333333333333335
Биһиги ардахха түбэстибит.,мы попали под дождь.,3,5,26,20,0.7692307692307693,1.6666666666666667
Үчүгэй кинигэ түбэстэ.,мне попалась хорошая книга.,3,5,22,27,1.2272727272727273,1.6666666666666667
Дьоло суохха сото таһа түбэһэр.,неудачнику достаются одни лытки.,5,5,31,32,1.032258064516129,1.0
Үөдэн түгэҕинээҕини үөтүмэ.,не следует вспоминать старое.,3,5,27,29,1.0740740740740742,1.6666666666666667
Үөдэн түгэҕинээҕини үөтүмэ.,"не вороши то, что на дне преисподней.",3,9,27,37,1.3703703703703705,3.0
Том — аҕа-ийэҕэһин оһоҕос түгэҕинээҕи оҕото.,том — последний ребёнок своих родителей.,6,7,44,40,0.9090909090909091,1.1666666666666667
Маны түгэн түбэстэҕинэ санатыам.,при удобном случае я ему это напомню.,4,8,32,37,1.15625,2.0
Абааһы аһаабыт сириттэн арахпат.,"чёрт не отходит от того места, где удалось раз покушать.",4,12,32,56,1.75,3.0
"Оҕуһуҥ кутуругун быһан сиэ,",отрежь хвост своего быка и ешь.,4,7,27,31,1.1481481481481481,1.75
"Ойдубута — уолга, кыйдаммыта — кыыска, эмтэрийбитэ — эмээхсиҥҥэ, ыстаммыта — ыкка.","отколупнулось — парню, отдалилось — девке, отщепилось — старушке, отскочило — собаке.",12,16,82,85,1.0365853658536586,1.3333333333333333
"Ойоххун эрэнимэ, эккиҥҥин эрэн.","не надейся на жену, а надейся на стену.",4,10,31,39,1.2580645161290323,2.5
"Ойуун баарына киһи ыалдьымна буолбат, уус баарына иһит алдьанымна буолбат.","не бывает так, чтобы при шамане не хворал человек, а при кузнеце не ломалась посуда.",10,18,74,84,1.135135135135135,1.8
Өлбүт киһи аһыыта үс хонуктаах.,скорби по умершему — только трое суток.,5,8,31,39,1.2580645161290323,1.6
Күүһүм баарын тухары үлэлиэм.,"буду работать, пока есть силы.",4,7,29,30,1.0344827586206897,1.75
Биһиги түөрэ кинини кытта сөбүлэһэбит.,мы все до одного с ним согласны.,5,8,38,32,0.8421052631578947,1.6
Иһигэр былас муостаах киирбит.,вошёл с рогами длиною в размах рук.,4,8,30,35,1.1666666666666667,2.0
Икки тараҕай быттаспыттарыгар дылы.,двое плешивых ищут на головах друг у друга вшей.,4,10,35,48,1.3714285714285714,2.5
Ханна дугуйданан сылдьаҕын?,где ты скрываешься?,3,4,27,19,0.7037037037037037,1.3333333333333333
Өлүү суолун нэтээгинэн бүөлээбиккэ дылы.,"это всё равно, что затыкать вход в преисподнюю шкуркой белки-летяги.",5,12,40,68,1.7,2.4
"Өлүү түбэлтэлээх, бэйэм ыалдьан хааллым.","к несчастью, я сам заболел.",5,7,40,27,0.675,1.4
Бултаммыт балыгы уон өлүүгэ үллэрдилэр.,добытую рыбу они разделили на десять частей.,5,8,39,44,1.1282051282051282,1.6
Ол дьиэҕэ киир.,войди в тот дом.,3,5,15,16,1.0666666666666667,1.6666666666666667
Ол гэннэ тугу кэпсиигин?,что ещё расскажешь?,4,4,24,19,0.7916666666666666,1.0
Ону мин билбэппин.,того я не знаю.,3,5,18,15,0.8333333333333334,1.6666666666666667
Онуоха туохбаарый?,что из того?,2,4,18,12,0.6666666666666666,2.0
"Ол аата, төһө буоларый?","то есть, сколько будет?",4,6,23,23,1.0,1.5
Ким да кэлбэтэҕэ.,никто не приходил.,3,4,17,18,1.0588235294117647,1.3333333333333333
"Олиһин даа, оттон мин сэрэйбэт.","вот оно в чём дело, а я и не догадывался.",5,12,31,41,1.3225806451612903,2.4
"Халлаан былыттаах, ол эрээри ичигэс.","пасмурно, но тепло.",5,5,36,19,0.5277777777777778,1.0
"Онто суох, үөрүөхтэрин үөрэллэр!","конечно, как им не радоваться!",4,7,32,30,0.9375,1.75
"Ыллыыр, ону ааһан үҥкүүлүүр.","он не только поёт, но и танцует.",4,9,28,32,1.1428571428571428,2.25
Онто да суох биһиэхэ ыарахан.,и без того нам тяжело.,5,6,29,22,0.7586206896551724,1.2
"Иккитэ эрбэҕин эргитиэ, үстэ сөмүйэтин төгүрүтүө.","дважды проведёт вокруг большого пальца, трижды — вокруг указательного.",6,11,49,70,1.4285714285714286,1.8333333333333333
"Айыы сирэ аһаҕас, күн сирэ көҥдөй.","мир божий открыт, страна подсолнечная вместительна.",6,8,34,51,1.5,1.3333333333333333
"Саха, оҕуһун мииннэ да, ырыаһыт.","якут как сядет на быка, так и запоёт.",5,10,32,37,1.15625,2.0
